"W1","MK45型127毫米舰炮"
"W1","MK15 Block1A/B密集阵近程防御武器系统"
"W1","标准SM2防空导弹"
"W1","战斧巡航导弹"
"W1","海麻雀舰空导弹"
"W1","反潜导弹"
"W1","鱼叉反舰导弹"
"W2","MK45型127毫米舰炮"
"W2","MK15 Block1A/B密集阵近程防御武器系统"
"W2","标准SM2防空导弹"
"W2","战斧巡航导弹"
"W2","海麻雀舰空导弹"
"W2","反潜导弹"
"W2","鱼叉反舰导弹"
"W3","MK45型127毫米舰炮"
"W3","MK15 Block1A/B密集阵近程防御武器系统"
"W3","标准SM2防空导弹"
"W3","战斧巡航导弹"
"W3","海麻雀舰空导弹"
"W3","反潜导弹"
"W3","鱼叉反舰导弹"
"W4","MK45型127毫米舰炮"
"W4","MK15 Block1A/B密集阵近程防御武器系统"
"W4","标准SM2防空导弹"
"W4","战斧巡航导弹"
"W4","海麻雀舰空导弹"
"W4","反潜导弹"
"W4","鱼叉反舰导弹"
"W5","MK45型127毫米舰炮"
"W5","MK15 Block1A/B密集阵近程防御武器系统"
"W5","标准SM2防空导弹"
"W5","战斧巡航导弹"
"W5","海麻雀舰空导弹"
"W5","反潜导弹"
"W5","鱼叉反舰导弹"
"W6","MK45型127毫米舰炮"
"W6","MK15 Block1A/B密集阵近程防御武器系统"
"W6","标准SM2防空导弹"
"W6","战斧巡航导弹"
"W6","海麻雀舰空导弹"
"W6","反潜导弹"
"W6","鱼叉反舰导弹"
"W7","MK45型127毫米舰炮"
"W7","MK15 Block1A/B密集阵近程防御武器系统"
"W7","标准SM2防空导弹"
"W7","战斧巡航导弹"
"W7","海麻雀舰空导弹"
"W7","反潜导弹"
"W7","鱼叉反舰导弹"
"W8","MK45型127毫米舰炮"
"W8","MK15 Block1A/B密集阵近程防御武器系统"
"W8","标准SM2防空导弹"
"W8","战斧巡航导弹"
"W8","海麻雀舰空导弹"
"W8","反潜导弹"
"W8","鱼叉反舰导弹"
"W9","MK45型127毫米舰炮"
"W9","MK15 Block1A/B密集阵近程防御武器系统"
"W9","标准SM2防空导弹"
"W9","战斧巡航导弹"
"W9","海麻雀舰空导弹"
"W9","反潜导弹"
"W9","鱼叉反舰导弹"
"W10","MK45型127毫米舰炮"
"W10","MK15 Block1A/B密集阵近程防御武器系统"
"W10","标准SM2防空导弹"
"W10","战斧巡航导弹"
"W10","海麻雀舰空导弹"
"W10","反潜导弹"
"W10","鱼叉反舰导弹"
"W11","MK45型127毫米舰炮"
"W11","MK15 Block1A/B密集阵近程防御武器系统"
"W11","标准SM2防空导弹"
"W11","战斧巡航导弹"
"W11","海麻雀舰空导弹"
"W11","反潜导弹"
"W11","鱼叉反舰导弹"
"W12","MK45型127毫米舰炮"
"W12","MK15 Block1A/B密集阵近程防御武器系统"
"W12","标准SM2防空导弹"
"W12","战斧巡航导弹"
"W12","海麻雀舰空导弹"
"W12","反潜导弹"
"W12","鱼叉反舰导弹"
"W13","MK45型127毫米舰炮"
"W13","MK15 Block1A/B密集阵近程防御武器系统"
"W13","标准SM2防空导弹"
"W13","战斧巡航导弹"
"W13","海麻雀舰空导弹"
"W13","反潜导弹"
"W13","鱼叉反舰导弹"
"W14","MK45型127毫米舰炮"
"W14","MK15 Block1A/B密集阵近程防御武器系统"
"W14","标准SM2防空导弹"
"W14","战斧巡航导弹"
"W14","海麻雀舰空导弹"
"W14","反潜导弹"
"W14","鱼叉反舰导弹"
"W15","MK45型127毫米舰炮"
"W15","MK15 Block1A/B密集阵近程防御武器系统"
"W15","标准SM2防空导弹"
"W15","战斧巡航导弹"
"W15","海麻雀舰空导弹"
"W15","反潜导弹"
"W15","鱼叉反舰导弹"
"W16","MK45型127毫米舰炮"
"W16","MK15 Block1A/B密集阵近程防御武器系统"
"W16","标准SM2防空导弹"
"W16","战斧巡航导弹"
"W16","海麻雀舰空导弹"
"W16","反潜导弹"
"W16","鱼叉反舰导弹"
"W17","MK45型127毫米舰炮"
"W17","MK15 Block1A/B密集阵近程防御武器系统"
"W17","标准SM2防空导弹"
"W17","战斧巡航导弹"
"W17","海麻雀舰空导弹"
"W17","反潜导弹"
"W17","鱼叉反舰导弹"
"W18","MK45型127毫米舰炮"
"W18","MK15 Block1A/B密集阵近程防御武器系统"
"W18","标准SM2防空导弹"
"W18","战斧巡航导弹"
"W18","海麻雀舰空导弹"
"W18","反潜导弹"
"W18","鱼叉反舰导弹"
"W19","MK45型127毫米舰炮"
"W19","MK15 Block1A/B密集阵近程防御武器系统"
"W19","标准SM2防空导弹"
"W19","战斧巡航导弹"
"W19","海麻雀舰空导弹"
"W19","反潜导弹"
"W19","鱼叉反舰导弹"
"W20","MK45型127毫米舰炮"
"W20","MK15 Block1A/B密集阵近程防御武器系统"
"W20","标准SM2防空导弹"
"W20","战斧巡航导弹"
"W20","海麻雀舰空导弹"
"W20","反潜导弹"
"W20","鱼叉反舰导弹"
"W21","MK45型127毫米舰炮"
"W21","MK15 Block1A/B密集阵近程防御武器系统"
"W21","标准SM2防空导弹"
"W21","战斧巡航导弹"
"W21","海麻雀舰空导弹"
"W21","反潜导弹"
"W21","鱼叉反舰导弹"
"W22","MK45型127毫米舰炮"
"W22","MK15 Block1A/B密集阵近程防御武器系统"
"W22","标准SM2防空导弹"
"W22","战斧巡航导弹"
"W22","海麻雀舰空导弹"
"W22","反潜导弹"
"W22","鱼叉反舰导弹"
"W23","MK25/29海麻雀短程防空导弹"
"W23","MK31拉姆短程防空导弹系统"
"W23","MK15密集阵近程防御武器系统"
"W24","MK25/29海麻雀短程防空导弹"
"W24","MK31拉姆短程防空导弹系统"
"W24","MK15密集阵近程防御武器系统"
"W25","MK25/29海麻雀短程防空导弹"
"W25","MK31拉姆短程防空导弹系统"
"W25","MK15密集阵近程防御武器系统"
"W26","MK25/29海麻雀短程防空导弹"
"W26","MK31拉姆短程防空导弹系统"
"W26","MK15密集阵近程防御武器系统"
"W27","MK25/29海麻雀短程防空导弹"
"W27","MK31拉姆短程防空导弹系统"
"W27","MK15密集阵近程防御武器系统"
"W28","MK25/29海麻雀短程防空导弹"
"W28","MK31拉姆短程防空导弹系统"
"W28","MK15密集阵近程防御武器系统"
"W29","MK25/29海麻雀短程防空导弹"
"W29","MK31拉姆短程防空导弹系统"
"W29","MK15密集阵近程防御武器系统"
"W30","MK25/29海麻雀短程防空导弹"
"W30","MK31拉姆短程防空导弹系统"
"W30","MK15密集阵近程防御武器系统"
"W31","MK25/29海麻雀短程防空导弹"
"W31","MK31拉姆短程防空导弹系统"
"W31","MK15密集阵近程防御武器系统"
"W32","MK25/29海麻雀短程防空导弹"
"W32","MK31拉姆短程防空导弹系统"
"W32","MK15密集阵近程防御武器系统"
"W33","RIM116短程防空导弹"
"W33","RIM-162 ESSM 改进型海麻雀导弹"
"W33","MK15 Block 1B密集阵近程防御武器系统"
"W34","RIM116短程防空导弹"
"W34","RIM-162 ESSM 改进型海麻雀导弹"
"W34","MK15 Block 1B密集阵近程防御武器系统"
"W35","MK45型127毫米舰炮"
"W35","RIM-162 ESSM 改进型海麻雀导弹"
"W35","MK38型25毫米机炮"
"W35","标准SM2防空导弹"
"W35","战斧巡航导弹"
"W35","垂直发射火箭助飞鱼雷(VLA)"
"W35","MK141鱼叉反舰导弹"
"W36","AGS 155mm先进舰炮系统"
"W36","标准区域防空导弹"
"W36","海麻雀ESSM短程防空导弹"
"W36","战斧巡航导弹"
"W36","ALAM先进对地导弹"
"W37","AGS 155mm先进舰炮系统"
"W37","标准区域防空导弹"
"W37","海麻雀ESSM短程防空导弹"
"W37","战斧巡航导弹"
"W37","ALAM先进对地导弹"
"W38","AGS 155mm先进舰炮系统"
"W38","标准区域防空导弹"
"W38","海麻雀ESSM短程防空导弹"
"W38","战斧巡航导弹"
"W38","ALAM先进对地导弹"
"W39","MK45型127毫米舰炮"
"W39","RIM-162 ESSM 改进型海麻雀导弹"
"W39","MK38型25毫米机炮"
"W39","标准SM2防空导弹"
"W39","战斧巡航导弹"
"W39","垂直发射火箭助飞鱼雷(VLA)"
"W39","MK141鱼叉反舰导弹"
"W40","MK45型127毫米舰炮"
"W40","RIM-162 ESSM 改进型海麻雀导弹"
"W40","MK38型25毫米机炮"
"W40","标准SM2防空导弹"
"W40","战斧巡航导弹"
"W40","垂直发射火箭助飞鱼雷(VLA)"
"W40","MK141鱼叉反舰导弹"
"W41","MK45型127毫米舰炮"
"W41","RIM-162 ESSM 改进型海麻雀导弹"
"W41","MK38型25毫米机炮"
"W41","标准SM2防空导弹"
"W41","战斧巡航导弹"
"W41","垂直发射火箭助飞鱼雷(VLA)"
"W41","MK141鱼叉反舰导弹"
"W42","MK45型127毫米舰炮"
"W42","RIM-162 ESSM 改进型海麻雀导弹"
"W42","MK38型25毫米机炮"
"W42","标准SM2防空导弹"
"W42","战斧巡航导弹"
"W42","垂直发射火箭助飞鱼雷(VLA)"
"W42","MK141鱼叉反舰导弹"
"W42","MK38 Mod2 25mm遥控机炮系统(GWS)"
"W43","MK45型127毫米舰炮"
"W43","RIM-162 ESSM 改进型海麻雀导弹"
"W43","MK38型25毫米机炮"
"W43","标准SM2防空导弹"
"W43","战斧巡航导弹"
"W43","垂直发射火箭助飞鱼雷(VLA)"
"W43","MK141鱼叉反舰导弹"
"W43","MK38 Mod2 25mm遥控机炮系统(GWS)"
"W44","MK45型127毫米舰炮"
"W44","RIM-162 ESSM 改进型海麻雀导弹"
"W44","MK38型25毫米机炮"
"W44","标准SM2防空导弹"
"W44","战斧巡航导弹"
"W44","垂直发射火箭助飞鱼雷(VLA)"
"W44","MK141鱼叉反舰导弹"
"W44","MK38 Mod2 25mm遥控机炮系统(GWS)"
"W45","MK45型127毫米舰炮"
"W45","RIM-162 ESSM 改进型海麻雀导弹"
"W45","MK38型25毫米机炮"
"W45","标准SM2防空导弹"
"W45","战斧巡航导弹"
"W45","垂直发射火箭助飞鱼雷(VLA)"
"W45","MK141鱼叉反舰导弹"
"W45","MK38 Mod2 25mm遥控机炮系统(GWS)"
"W46","MK45型127毫米舰炮"
"W46","RIM-162 ESSM 改进型海麻雀导弹"
"W46","MK38型25毫米机炮"
"W46","标准SM2防空导弹"
"W46","战斧巡航导弹"
"W46","垂直发射火箭助飞鱼雷(VLA)"
"W46","MK141鱼叉反舰导弹"
"W46","MK38 Mod2 25mm遥控机炮系统(GWS)"
"W47","MK45型127毫米舰炮"
"W47","RIM-162 ESSM 改进型海麻雀导弹"
"W47","MK38型25毫米机炮"
"W47","标准SM2防空导弹"
"W47","战斧巡航导弹"
"W47","垂直发射火箭助飞鱼雷(VLA)"
"W47","MK141鱼叉反舰导弹"
"W47","MK38 Mod2 25mm遥控机炮系统(GWS)"
"W48","MK45型127毫米舰炮"
"W48","RIM-162 ESSM 改进型海麻雀导弹"
"W48","MK38型25毫米机炮"
"W48","标准SM2防空导弹"
"W48","战斧巡航导弹"
"W48","垂直发射火箭助飞鱼雷(VLA)"
"W48","MK141鱼叉反舰导弹"
"W48","MK38 Mod2 25mm遥控机炮系统(GWS)"
"W49","MK45型127毫米舰炮"
"W49","RIM-162 ESSM 改进型海麻雀导弹"
"W49","MK38型25毫米机炮"
"W49","标准SM2防空导弹"
"W49","战斧巡航导弹"
"W49","垂直发射火箭助飞鱼雷(VLA)"
"W49","MK141鱼叉反舰导弹"
"W49","MK38 Mod2 25mm遥控机炮系统(GWS)"
"W50","MK45型127毫米舰炮"
"W50","RIM-162 ESSM 改进型海麻雀导弹"
"W50","MK38型25毫米机炮"
"W50","标准SM2防空导弹"
"W50","战斧巡航导弹"
"W50","垂直发射火箭助飞鱼雷(VLA)"
"W50","MK141鱼叉反舰导弹"
"W50","MK38 Mod2 25mm遥控机炮系统(GWS)"
"W51","MK45型127毫米舰炮"
"W51","RIM-162 ESSM 改进型海麻雀导弹"
"W51","MK38型25毫米机炮"
"W51","标准SM2防空导弹"
"W51","战斧巡航导弹"
"W51","垂直发射火箭助飞鱼雷(VLA)"
"W51","MK141鱼叉反舰导弹"
"W52","MK45型127毫米舰炮"
"W52","RIM-162 ESSM 改进型海麻雀导弹"
"W52","MK38型25毫米机炮"
"W52","标准SM2防空导弹"
"W52","战斧巡航导弹"
"W52","垂直发射火箭助飞鱼雷(VLA)"
"W52","MK141鱼叉反舰导弹"
"W53","MK45型127毫米舰炮"
"W53","RIM-162 ESSM 改进型海麻雀导弹"
"W53","MK38型25毫米机炮"
"W53","标准SM2防空导弹"
"W53","战斧巡航导弹"
"W53","垂直发射火箭助飞鱼雷(VLA)"
"W53","MK141鱼叉反舰导弹"
"W54","MK45型127毫米舰炮"
"W54","RIM-162 ESSM 改进型海麻雀导弹"
"W54","MK38型25毫米机炮"
"W54","标准SM2防空导弹"
"W54","战斧巡航导弹"
"W54","垂直发射火箭助飞鱼雷(VLA)"
"W54","MK141鱼叉反舰导弹"
"W55","MK45型127毫米舰炮"
"W55","RIM-162 ESSM 改进型海麻雀导弹"
"W55","MK38型25毫米机炮"
"W55","标准SM2防空导弹"
"W55","战斧巡航导弹"
"W55","垂直发射火箭助飞鱼雷(VLA)"
"W55","MK141鱼叉反舰导弹"
"W56","MK45型127毫米舰炮"
"W56","MK15密集阵近程防御武器系统"
"W56","MK38型25毫米机炮"
"W56","标准SM2防空导弹"
"W56","战斧巡航导弹"
"W56","垂直发射火箭助飞鱼雷(VLA)"
"W56","MK141鱼叉反舰导弹"
"W57","MK45型127毫米舰炮"
"W57","MK15密集阵近程防御武器系统"
"W57","MK38型25毫米机炮"
"W57","标准SM2防空导弹"
"W57","战斧巡航导弹"
"W57","垂直发射火箭助飞鱼雷(VLA)"
"W57","MK141鱼叉反舰导弹"
"W58","MK45型127毫米舰炮"
"W58","MK15密集阵近程防御武器系统"
"W58","MK38型25毫米机炮"
"W58","标准SM2防空导弹"
"W58","战斧巡航导弹"
"W58","垂直发射火箭助飞鱼雷(VLA)"
"W58","MK141鱼叉反舰导弹"
"W59","MK45型127毫米舰炮"
"W59","MK15密集阵近程防御武器系统"
"W59","MK38型25毫米机炮"
"W59","标准SM2防空导弹"
"W59","战斧巡航导弹"
"W59","垂直发射火箭助飞鱼雷(VLA)"
"W59","MK141鱼叉反舰导弹"
"W60","MK45型127毫米舰炮"
"W60","MK15密集阵近程防御武器系统"
"W60","MK38型25毫米机炮"
"W60","标准SM2防空导弹"
"W60","战斧巡航导弹"
"W60","垂直发射火箭助飞鱼雷(VLA)"
"W60","MK141鱼叉反舰导弹"
"W61","MK45型127毫米舰炮"
"W61","MK15密集阵近程防御武器系统"
"W61","MK38型25毫米机炮"
"W61","标准SM2防空导弹"
"W61","战斧巡航导弹"
"W61","垂直发射火箭助飞鱼雷(VLA)"
"W61","MK141鱼叉反舰导弹"
"W62","MK45型127毫米舰炮"
"W62","MK15密集阵近程防御武器系统"
"W62","MK38型25毫米机炮"
"W62","标准SM2防空导弹"
"W62","战斧巡航导弹"
"W62","垂直发射火箭助飞鱼雷(VLA)"
"W62","MK141鱼叉反舰导弹"
"W63","MK45型127毫米舰炮"
"W63","MK15密集阵近程防御武器系统"
"W63","MK38型25毫米机炮"
"W63","标准SM2防空导弹"
"W63","战斧巡航导弹"
"W63","垂直发射火箭助飞鱼雷(VLA)"
"W63","MK141鱼叉反舰导弹"
"W64","MK45型127毫米舰炮"
"W64","MK15密集阵近程防御武器系统"
"W64","MK38型25毫米机炮"
"W64","标准SM2防空导弹"
"W64","战斧巡航导弹"
"W64","垂直发射火箭助飞鱼雷(VLA)"
"W64","MK141鱼叉反舰导弹"
"W65","MK45型127毫米舰炮"
"W65","MK15密集阵近程防御武器系统"
"W65","MK38型25毫米机炮"
"W65","标准SM2防空导弹"
"W65","战斧巡航导弹"
"W65","垂直发射火箭助飞鱼雷(VLA)"
"W65","MK141鱼叉反舰导弹"
"W66","MK45型127毫米舰炮"
"W66","MK15密集阵近程防御武器系统"
"W66","MK38型25毫米机炮"
"W66","标准SM2防空导弹"
"W66","战斧巡航导弹"
"W66","垂直发射火箭助飞鱼雷(VLA)"
"W66","MK141鱼叉反舰导弹"
"W67","MK45型127毫米舰炮"
"W67","MK15密集阵近程防御武器系统"
"W67","MK38型25毫米机炮"
"W67","标准SM2防空导弹"
"W67","战斧巡航导弹"
"W67","垂直发射火箭助飞鱼雷(VLA)"
"W67","MK141鱼叉反舰导弹"
"W68","MK45型127毫米舰炮"
"W68","MK15密集阵近程防御武器系统"
"W68","MK38型25毫米机炮"
"W68","标准SM2防空导弹"
"W68","战斧巡航导弹"
"W68","垂直发射火箭助飞鱼雷(VLA)"
"W68","MK141鱼叉反舰导弹"
"W69","MK45型127毫米舰炮"
"W69","MK15密集阵近程防御武器系统"
"W69","MK38型25毫米机炮"
"W69","标准SM2防空导弹"
"W69","战斧巡航导弹"
"W69","垂直发射火箭助飞鱼雷(VLA)"
"W69","MK141鱼叉反舰导弹"
"W70","MK45型127毫米舰炮"
"W70","MK15密集阵近程防御武器系统"
"W70","MK38型25毫米机炮"
"W70","标准SM2防空导弹"
"W70","战斧巡航导弹"
"W70","垂直发射火箭助飞鱼雷(VLA)"
"W70","MK141鱼叉反舰导弹"
"W71","MK45型127毫米舰炮"
"W71","MK15密集阵近程防御武器系统"
"W71","MK38型25毫米机炮"
"W71","标准SM2防空导弹"
"W71","战斧巡航导弹"
"W71","垂直发射火箭助飞鱼雷(VLA)"
"W71","MK141鱼叉反舰导弹"
"W72","MK45型127毫米舰炮"
"W72","MK15密集阵近程防御武器系统"
"W72","MK38型25毫米机炮"
"W72","标准SM2防空导弹"
"W72","战斧巡航导弹"
"W72","垂直发射火箭助飞鱼雷(VLA)"
"W72","MK141鱼叉反舰导弹"
"W73","MK45型127毫米舰炮"
"W73","MK15密集阵近程防御武器系统"
"W73","MK38型25毫米机炮"
"W73","标准SM2防空导弹"
"W73","战斧巡航导弹"
"W73","垂直发射火箭助飞鱼雷(VLA)"
"W73","MK141鱼叉反舰导弹"
"W74","MK45型127毫米舰炮"
"W74","MK15密集阵近程防御武器系统"
"W74","MK38型25毫米机炮"
"W74","标准SM2防空导弹"
"W74","战斧巡航导弹"
"W74","垂直发射火箭助飞鱼雷(VLA)"
"W74","MK141鱼叉反舰导弹"
"W75","MK45型127毫米舰炮"
"W75","MK15密集阵近程防御武器系统"
"W75","MK38型25毫米机炮"
"W75","标准SM2防空导弹"
"W75","战斧巡航导弹"
"W75","垂直发射火箭助飞鱼雷(VLA)"
"W75","MK141鱼叉反舰导弹"
"W76","MK45型127毫米舰炮"
"W76","MK15密集阵近程防御武器系统"
"W76","MK38型25毫米机炮"
"W76","标准SM2防空导弹"
"W76","战斧巡航导弹"
"W76","垂直发射火箭助飞鱼雷(VLA)"
"W76","MK141鱼叉反舰导弹"
"W77","MK45型127毫米舰炮"
"W77","MK15密集阵近程防御武器系统"
"W77","MK38型25毫米机炮"
"W77","标准SM2防空导弹"
"W77","战斧巡航导弹"
"W77","垂直发射火箭助飞鱼雷(VLA)"
"W77","MK141鱼叉反舰导弹"
"W78","MK45型127毫米舰炮"
"W78","MK15密集阵近程防御武器系统"
"W78","MK38型25毫米机炮"
"W78","标准SM2防空导弹"
"W78","战斧巡航导弹"
"W78","垂直发射火箭助飞鱼雷(VLA)"
"W78","MK141鱼叉反舰导弹"
"W79","MK45型127毫米舰炮"
"W79","MK15密集阵近程防御武器系统"
"W79","MK38型25毫米机炮"
"W79","标准SM2防空导弹"
"W79","战斧巡航导弹"
"W79","垂直发射火箭助飞鱼雷(VLA)"
"W79","MK141鱼叉反舰导弹"
"W80","MK45型127毫米舰炮"
"W80","MK15密集阵近程防御武器系统"
"W80","MK38型25毫米机炮"
"W80","标准SM2防空导弹"
"W80","战斧巡航导弹"
"W80","垂直发射火箭助飞鱼雷(VLA)"
"W80","MK141鱼叉反舰导弹"
"W81","MK45型127毫米舰炮"
"W81","MK15密集阵近程防御武器系统"
"W81","MK38型25毫米机炮"
"W81","标准SM2防空导弹"
"W81","战斧巡航导弹"
"W81","垂直发射火箭助飞鱼雷(VLA)"
"W81","MK141鱼叉反舰导弹"
"W82","MK45型127毫米舰炮"
"W82","MK15密集阵近程防御武器系统"
"W82","MK38型25毫米机炮"
"W82","标准SM2防空导弹"
"W82","战斧巡航导弹"
"W82","垂直发射火箭助飞鱼雷(VLA)"
"W82","MK141鱼叉反舰导弹"
"W83","MK45型127毫米舰炮"
"W83","MK15密集阵近程防御武器系统"
"W83","MK38型25毫米机炮"
"W83","标准SM2防空导弹"
"W83","战斧巡航导弹"
"W83","垂直发射火箭助飞鱼雷(VLA)"
"W83","MK141鱼叉反舰导弹"
"W84","MK45型127毫米舰炮"
"W84","MK15密集阵近程防御武器系统"
"W84","MK38型25毫米机炮"
"W84","标准SM2防空导弹"
"W84","战斧巡航导弹"
"W84","垂直发射火箭助飞鱼雷(VLA)"
"W84","MK141鱼叉反舰导弹"
"W85","MK45型127毫米舰炮"
"W85","MK15密集阵近程防御武器系统"
"W85","MK38型25毫米机炮"
"W85","标准SM2防空导弹"
"W85","战斧巡航导弹"
"W85","垂直发射火箭助飞鱼雷(VLA)"
"W85","MK141鱼叉反舰导弹"
"W86","MK45型127毫米舰炮"
"W86","MK15密集阵近程防御武器系统"
"W86","MK38型25毫米机炮"
"W86","标准SM2防空导弹"
"W86","战斧巡航导弹"
"W86","垂直发射火箭助飞鱼雷(VLA)"
"W86","MK141鱼叉反舰导弹"
"W87","MK45型127毫米舰炮"
"W87","MK15密集阵近程防御武器系统"
"W87","MK38型25毫米机炮"
"W87","标准SM2防空导弹"
"W87","战斧巡航导弹"
"W87","垂直发射火箭助飞鱼雷(VLA)"
"W87","MK141鱼叉反舰导弹"
"W88","MK45型127毫米舰炮"
"W88","MK15密集阵近程防御武器系统"
"W88","MK38型25毫米机炮"
"W88","标准SM2防空导弹"
"W88","战斧巡航导弹"
"W88","垂直发射火箭助飞鱼雷(VLA)"
"W88","MK141鱼叉反舰导弹"
"W89","MK45型127毫米舰炮"
"W89","RIM-162 ESSM 改进型海麻雀导弹"
"W89","MK38型25毫米机炮"
"W89","标准SM2防空导弹"
"W89","战斧巡航导弹"
"W89","垂直发射火箭助飞鱼雷(VLA)"
"W89","MK141鱼叉反舰导弹"
"W90","MK45型127毫米舰炮"
"W90","RIM-162 ESSM 改进型海麻雀导弹"
"W90","MK38型25毫米机炮"
"W90","标准SM2防空导弹"
"W90","战斧巡航导弹"
"W90","垂直发射火箭助飞鱼雷(VLA)"
"W90","MK141鱼叉反舰导弹"
"W91","MK45型127毫米舰炮"
"W91","RIM-162 ESSM 改进型海麻雀导弹"
"W91","MK38型25毫米机炮"
"W91","标准SM2防空导弹"
"W91","战斧巡航导弹"
"W91","垂直发射火箭助飞鱼雷(VLA)"
"W91","MK141鱼叉反舰导弹"
"W92","MK45型127毫米舰炮"
"W92","RIM-162 ESSM 改进型海麻雀导弹"
"W92","MK38型25毫米机炮"
"W92","标准SM2防空导弹"
"W92","战斧巡航导弹"
"W92","垂直发射火箭助飞鱼雷(VLA)"
"W92","MK141鱼叉反舰导弹"
"W93","MK45型127毫米舰炮"
"W93","RIM-162 ESSM 改进型海麻雀导弹"
"W93","MK38型25毫米机炮"
"W93","标准SM2防空导弹"
"W93","战斧巡航导弹"
"W93","垂直发射火箭助飞鱼雷(VLA)"
"W93","MK141鱼叉反舰导弹"
"W94","MK45型127毫米舰炮"
"W94","RIM-162 ESSM 改进型海麻雀导弹"
"W94","MK38型25毫米机炮"
"W94","标准SM2防空导弹"
"W94","战斧巡航导弹"
"W94","垂直发射火箭助飞鱼雷(VLA)"
"W94","MK141鱼叉反舰导弹"
"W95","MK45型127毫米舰炮"
"W95","RIM-162 ESSM 改进型海麻雀导弹"
"W95","MK38型25毫米机炮"
"W95","标准SM2防空导弹"
"W95","战斧巡航导弹"
"W95","垂直发射火箭助飞鱼雷(VLA)"
"W95","MK141鱼叉反舰导弹"
"W96","MK45型127毫米舰炮"
"W96","RIM-162 ESSM 改进型海麻雀导弹"
"W96","MK38型25毫米机炮"
"W96","标准SM2防空导弹"
"W96","战斧巡航导弹"
"W96","垂直发射火箭助飞鱼雷(VLA)"
"W96","MK141鱼叉反舰导弹"
"W97","MK45型127毫米舰炮"
"W97","RIM-162 ESSM 改进型海麻雀导弹"
"W97","MK38型25毫米机炮"
"W97","标准SM2防空导弹"
"W97","战斧巡航导弹"
"W97","垂直发射火箭助飞鱼雷(VLA)"
"W97","MK141鱼叉反舰导弹"
"W98","MK45型127毫米舰炮"
"W98","RIM-162 ESSM 改进型海麻雀导弹"
"W98","MK38型25毫米机炮"
"W98","标准SM2防空导弹"
"W98","战斧巡航导弹"
"W98","垂直发射火箭助飞鱼雷(VLA)"
"W98","MK141鱼叉反舰导弹"
"W99","MK45型127毫米舰炮"
"W99","RIM-162 ESSM 改进型海麻雀导弹"
"W99","MK38型25毫米机炮"
"W99","标准SM2防空导弹"
"W99","战斧巡航导弹"
"W99","垂直发射火箭助飞鱼雷(VLA)"
"W99","MK141鱼叉反舰导弹"
"W100","MK45型127毫米舰炮"
"W100","RIM-162 ESSM 改进型海麻雀导弹"
"W100","MK38型25毫米机炮"
"W100","标准SM2防空导弹"
"W100","战斧巡航导弹"
"W100","垂直发射火箭助飞鱼雷(VLA)"
"W100","MK141鱼叉反舰导弹"
"W101","MK45型127毫米舰炮"
"W101","RIM-162 ESSM 改进型海麻雀导弹"
"W101","MK38型25毫米机炮"
"W101","标准SM2防空导弹"
"W101","战斧巡航导弹"
"W101","垂直发射火箭助飞鱼雷(VLA)"
"W101","MK141鱼叉反舰导弹"
"W102","MK45型127毫米舰炮"
"W102","RIM-162 ESSM 改进型海麻雀导弹"
"W102","MK38型25毫米机炮"
"W102","标准SM2防空导弹"
"W102","战斧巡航导弹"
"W102","垂直发射火箭助飞鱼雷(VLA)"
"W102","MK141鱼叉反舰导弹"
"W103","MK45型127毫米舰炮"
"W103","RIM-162 ESSM 改进型海麻雀导弹"
"W103","MK38型25毫米机炮"
"W103","标准SM2防空导弹"
"W103","战斧巡航导弹"
"W103","垂直发射火箭助飞鱼雷(VLA)"
"W103","MK141鱼叉反舰导弹"
"W104","MK45型127毫米舰炮"
"W104","RIM-162 ESSM 改进型海麻雀导弹"
"W104","MK38型25毫米机炮"
"W104","标准SM2防空导弹"
"W104","战斧巡航导弹"
"W104","垂直发射火箭助飞鱼雷(VLA)"
"W104","MK141鱼叉反舰导弹"
"W105","博福斯MK110型57毫米舰炮"
"W105","12.7毫米机枪"
"W105","RIM116短程防空导弹"
"W106","博福斯MK110型57毫米舰炮"
"W106","MK46型30毫米舰炮"
"W106","RIM116短程防空导弹"
"W107","博福斯MK110型57毫米舰炮"
"W107","12.7毫米机枪"
"W107","RIM116短程防空导弹"
"W108","博福斯MK110型57毫米舰炮"
"W108","MK46型30毫米舰炮"
"W108","RIM116短程防空导弹"
"W109","博福斯MK110型57毫米舰炮"
"W109","12.7毫米机枪"
"W109","RIM116短程防空导弹"
"W110","博福斯MK110型57毫米舰炮"
"W110","MK46型30毫米舰炮"
"W110","RIM116短程防空导弹"
"W111","博福斯MK110型57毫米舰炮"
"W111","12.7毫米机枪"
"W111","RIM116短程防空导弹"
"W112","博福斯MK110型57毫米舰炮"
"W112","MK46型30毫米舰炮"
"W112","RIM116短程防空导弹"
"W113","博福斯MK110型57毫米舰炮"
"W113","12.7毫米机枪"
"W113","RIM116短程防空导弹"
"W114","博福斯MK110型57毫米舰炮"
"W114","MK46型30毫米舰炮"
"W114","RIM116短程防空导弹"
"W115","博福斯MK110型57毫米舰炮"
"W115","MK46型30毫米舰炮"
"W115","RIM116短程防空导弹"
"W116","博福斯MK110型57毫米舰炮"
"W116","MK46型30毫米舰炮"
"W116","RIM116短程防空导弹"
"W117","博福斯MK110型57毫米舰炮"
"W117","MK46型30毫米舰炮"
"W117","RIM116短程防空导弹"
"W118","博福斯MK110型57毫米舰炮"
"W118","12.7毫米机枪"
"W118","RIM116短程防空导弹"
"W119","博福斯MK110型57毫米舰炮"
"W119","MK46型30毫米舰炮"
"W119","RIM116短程防空导弹"
"W120","博福斯MK110型57毫米舰炮"
"W120","12.7毫米机枪"
"W120","RIM116短程防空导弹"
"W121","博福斯MK110型57毫米舰炮"
"W121","MK46型30毫米舰炮"
"W121","RIM116短程防空导弹"
"W122","博福斯MK110型57毫米舰炮"
"W122","12.7毫米机枪"
"W122","RIM116短程防空导弹"
"W123","博福斯MK110型57毫米舰炮"
"W123","MK46型30毫米舰炮"
"W123","RIM116短程防空导弹"
"W124","博福斯MK110型57毫米舰炮"
"W124","12.7毫米机枪"
"W124","RIM116短程防空导弹"
"W125","海麻雀导弹"
"W125","RIM116短程防空导弹"
"W125","密集阵近防炮"
"W126","海麻雀导弹"
"W126","RIM116短程防空导弹"
"W126","密集阵近防炮"
"W127","MK29海麻雀短程防空导弹"
"W127","RIM116短程防空导弹"
"W127","密集阵近防炮"
"W127","MK38型25毫米炮"
"W128","MK29海麻雀短程防空导弹"
"W128","RIM116短程防空导弹"
"W128","密集阵近防炮"
"W128","MK38型25毫米炮"
"W129","MK29海麻雀短程防空导弹"
"W129","RIM116短程防空导弹"
"W129","密集阵近防炮"
"W129","MK38型25毫米炮"
"W130","MK29海麻雀短程防空导弹"
"W130","RIM116短程防空导弹"
"W130","密集阵近防炮"
"W130","MK38型25毫米炮"
"W131","MK29海麻雀短程防空导弹"
"W131","RIM116短程防空导弹"
"W131","密集阵近防炮"
"W131","MK38型25毫米炮"
"W132","MK29海麻雀短程防空导弹"
"W132","RIM116短程防空导弹"
"W132","密集阵近防炮"
"W132","MK38型25毫米炮"
"W133","MK29海麻雀短程防空导弹"
"W133","RIM116短程防空导弹"
"W133","密集阵近防炮"
"W133","MK38型25毫米炮"
"W134","MK29海麻雀短程防空导弹"
"W134","RIM116短程防空导弹"
"W134","密集阵近防炮"
"W134","MK38型25毫米炮"
"W135","MK46型30毫米炮"
"W135","RIM116短程防空导弹"
"W135","12.7毫米口径机枪"
"W136","MK46型30毫米炮"
"W136","RIM116短程防空导弹"
"W136","12.7毫米口径机枪"
"W137","MK46型30毫米炮"
"W137","RIM116短程防空导弹"
"W137","12.7毫米口径机枪"
"W138","MK46型30毫米炮"
"W138","RIM116短程防空导弹"
"W138","12.7毫米口径机枪"
"W139","MK46型30毫米炮"
"W139","RIM116短程防空导弹"
"W139","12.7毫米口径机枪"
"W140","MK46型30毫米炮"
"W140","RIM116短程防空导弹"
"W140","12.7毫米口径机枪"
"W141","MK46型30毫米炮"
"W141","RIM116短程防空导弹"
"W141","12.7毫米口径机枪"
"W142","MK46型30毫米炮"
"W142","RIM116短程防空导弹"
"W142","12.7毫米口径机枪"
"W143","MK46型30毫米炮"
"W143","RIM116短程防空导弹"
"W143","12.7毫米口径机枪"
"W144","MK46型30毫米炮"
"W144","RIM116短程防空导弹"
"W144","12.7毫米口径机枪"
"W145","MK46型30毫米炮"
"W145","RIM116短程防空导弹"
"W145","12.7毫米口径机枪"
"W146","MK15型20毫米密集阵近程武器系统"
"W146","MK38型25毫米炮"
"W146","12.7毫米口径机枪"
"W146","MK49拉姆防空导弹"
"W147","MK15型20毫米密集阵近程武器系统"
"W147","MK38型25毫米炮"
"W147","12.7毫米口径机枪"
"W147","MK49拉姆防空导弹"
"W148","MK15型20毫米密集阵近程武器系统"
"W148","MK38型25毫米炮"
"W148","12.7毫米口径机枪"
"W148","MK49拉姆防空导弹"
"W149","MK15型20毫米密集阵近程武器系统"
"W149","MK38型25毫米炮"
"W149","12.7毫米口径机枪"
"W149","MK49拉姆防空导弹"
"W150","MK15型20毫米密集阵近程武器系统"
"W150","MK38型25毫米炮"
"W150","12.7毫米口径机枪"
"W150","MK49拉姆防空导弹"
"W151","MK15型20毫米密集阵近程武器系统"
"W151","MK38型25毫米炮"
"W151","12.7毫米口径机枪"
"W151","MK49拉姆防空导弹"
"W152","MK15型20毫米密集阵近程武器系统"
"W152","MK38型25毫米炮"
"W152","12.7毫米口径机枪"
"W152","MK49拉姆防空导弹"
"W153","MK15型20毫米密集阵近程武器系统"
"W153","MK38型25毫米炮"
"W153","12.7毫米口径机枪"
"W153","MK49拉姆防空导弹"
"W154","MK15型20毫米密集阵近程武器系统"
"W154","拉姆近程舰空导弹发射系统"
"W154","MK38型25毫米炮"
"W154","12.7毫米口径机枪"
"W155","MK15型20毫米密集阵近程武器系统"
"W155","拉姆近程舰空导弹发射系统"
"W155","MK38型25毫米炮"
"W155","12.7毫米口径机枪"
"W156","MK15型20毫米密集阵近程武器系统"
"W156","拉姆近程舰空导弹发射系统"
"W156","MK38型25毫米炮"
"W156","12.7毫米口径机枪"
"W157","MK15型20毫米密集阵近程武器系统"
"W157","拉姆近程舰空导弹发射系统"
"W157","MK38型25毫米炮"
"W157","12.7毫米口径机枪"
"W158","MK48线导鱼雷"
"W158","三叉戟C4洲际导弹"
"W158","三叉戟D5洲际导弹"
"W159","MK48线导鱼雷"
"W159","三叉戟C4洲际导弹"
"W159","三叉戟D5洲际导弹"
"W160","MK48线导鱼雷"
"W160","三叉戟C4洲际导弹"
"W160","三叉戟D5洲际导弹"
"W161","MK48线导鱼雷"
"W161","三叉戟C4洲际导弹"
"W161","三叉戟D5洲际导弹"
"W162","MK48线导鱼雷"
"W162","三叉戟C4洲际导弹"
"W162","三叉戟D5洲际导弹"
"W163","MK48线导鱼雷"
"W163","三叉戟C4洲际导弹"
"W163","三叉戟D5洲际导弹"
"W164","MK48线导鱼雷"
"W164","三叉戟C4洲际导弹"
"W164","三叉戟D5洲际导弹"
"W165","MK48线导鱼雷"
"W165","三叉戟C4洲际导弹"
"W165","三叉戟D5洲际导弹"
"W166","MK48线导鱼雷"
"W166","三叉戟C4洲际导弹"
"W166","三叉戟D5洲际导弹"
"W167","MK48线导鱼雷"
"W167","三叉戟C4洲际导弹"
"W167","三叉戟D5洲际导弹"
"W168","MK48线导鱼雷"
"W168","三叉戟C4洲际导弹"
"W168","三叉戟D5洲际导弹"
"W169","MK48线导鱼雷"
"W169","三叉戟C4洲际导弹"
"W169","三叉戟D5洲际导弹"
"W170","MK48线导鱼雷"
"W170","三叉戟C4洲际导弹"
"W170","三叉戟D5洲际导弹"
"W171","MK48线导鱼雷"
"W171","三叉戟C4洲际导弹"
"W171","三叉戟D5洲际导弹"
"W172","MK48线导鱼雷"
"W172","战斧巡航导弹"
"W173","MK48线导鱼雷"
"W173","战斧巡航导弹"
"W174","MK48线导鱼雷"
"W174","战斧巡航导弹"
"W175","MK48线导鱼雷"
"W175","战斧巡航导弹"
"W176","MK48线导鱼雷"
"W176","鱼叉反舰导弹"
"W176","战斧巡航导弹"
"W177","MK48线导鱼雷"
"W177","鱼叉反舰导弹"
"W177","战斧巡航导弹"
"W178","MK48线导鱼雷"
"W178","鱼叉反舰导弹"
"W178","战斧巡航导弹"
"W179","MK48线导鱼雷"
"W179","鱼叉反舰导弹"
"W179","战斧巡航导弹"
"W180","MK48线导鱼雷"
"W180","鱼叉反舰导弹"
"W180","战斧巡航导弹"
"W181","MK48线导鱼雷"
"W181","鱼叉反舰导弹"
"W181","战斧巡航导弹"
"W182","MK48线导鱼雷"
"W182","鱼叉反舰导弹"
"W182","战斧巡航导弹"
"W183","MK48线导鱼雷"
"W183","鱼叉反舰导弹"
"W183","战斧巡航导弹"
"W184","MK48线导鱼雷"
"W184","鱼叉反舰导弹"
"W184","战斧巡航导弹"
"W185","MK48线导鱼雷"
"W185","鱼叉反舰导弹"
"W185","战斧巡航导弹"
"W186","MK48线导鱼雷"
"W186","鱼叉反舰导弹"
"W186","战斧巡航导弹"
"W187","MK48线导鱼雷"
"W187","鱼叉反舰导弹"
"W187","战斧巡航导弹"
"W188","MK48线导鱼雷"
"W188","鱼叉反舰导弹"
"W188","战斧巡航导弹"
"W189","MK48线导鱼雷"
"W189","鱼叉反舰导弹"
"W189","战斧巡航导弹"
"W190","MK48线导鱼雷"
"W190","鱼叉反舰导弹"
"W190","战斧巡航导弹"
"W191","MK48线导鱼雷"
"W191","鱼叉反舰导弹"
"W191","战斧巡航导弹"
"W192","MK48线导鱼雷"
"W192","鱼叉反舰导弹"
"W192","战斧巡航导弹"
"W193","MK48线导鱼雷"
"W193","鱼叉反舰导弹"
"W193","战斧巡航导弹"
"W194","MK48线导鱼雷"
"W194","鱼叉反舰导弹"
"W194","战斧巡航导弹"
"W195","MK48线导鱼雷"
"W195","鱼叉反舰导弹"
"W195","战斧巡航导弹"
"W196","MK48线导鱼雷"
"W196","鱼叉反舰导弹"
"W196","战斧巡航导弹"
"W197","MK48线导鱼雷"
"W197","鱼叉反舰导弹"
"W197","战斧巡航导弹"
"W198","MK48线导鱼雷"
"W198","鱼叉反舰导弹"
"W198","战斧巡航导弹"
"W199","MK48线导鱼雷"
"W199","鱼叉反舰导弹"
"W199","战斧巡航导弹"
"W200","MK48线导鱼雷"
"W200","鱼叉反舰导弹"
"W200","战斧巡航导弹"
"W201","MK48线导鱼雷"
"W201","鱼叉反舰导弹"
"W201","战斧巡航导弹"
"W202","MK48线导鱼雷"
"W202","鱼叉反舰导弹"
"W202","战斧巡航导弹"
"W203","MK48线导鱼雷"
"W203","鱼叉反舰导弹"
"W203","战斧巡航导弹"
"W204","MK48线导鱼雷"
"W204","鱼叉反舰导弹"
"W204","战斧巡航导弹"
"W205","MK48线导鱼雷"
"W205","鱼叉反舰导弹"
"W205","战斧巡航导弹"
"W206","MK48线导鱼雷"
"W206","鱼叉反舰导弹"
"W206","战斧巡航导弹"
"W207","MK48线导鱼雷"
"W207","鱼叉反舰导弹"
"W207","战斧巡航导弹"
"W208","MK48线导鱼雷"
"W208","鱼叉反舰导弹"
"W208","战斧巡航导弹"
"W209","MK48线导鱼雷"
"W209","鱼叉反舰导弹"
"W209","战斧巡航导弹"
"W210","MK48线导鱼雷"
"W210","鱼叉反舰导弹"
"W210","战斧巡航导弹"
"W211","MK48线导鱼雷"
"W211","鱼叉反舰导弹"
"W211","战斧巡航导弹"
"W212","MK48线导鱼雷"
"W212","鱼叉反舰导弹"
"W212","战斧巡航导弹"
"W213","MK48线导鱼雷"
"W213","鱼叉反舰导弹"
"W213","战斧巡航导弹"
"W214","MK48线导鱼雷"
"W214","鱼叉反舰导弹"
"W214","战斧巡航导弹"
"W215","MK48线导鱼雷"
"W215","鱼叉反舰导弹"
"W215","战斧巡航导弹"
"W216","MK48线导鱼雷"
"W216","鱼叉反舰导弹"
"W216","战斧巡航导弹"
"W217","MK48线导鱼雷"
"W217","鱼叉反舰导弹"
"W217","战斧巡航导弹"
"W218","MK48线导鱼雷"
"W218","鱼叉反舰导弹"
"W218","战斧巡航导弹"
"W219","MK48 Mod5/6/7型线导鱼雷"
"W219","MK60捕食者水雷"
"W219","MK67捕食者水雷"
"W219","鱼叉反舰导弹"
"W219","战斧巡航导弹"
"W220","MK48 Mod5/6/7型线导鱼雷"
"W220","MK60捕食者水雷"
"W220","MK67捕食者水雷"
"W220","鱼叉反舰导弹"
"W220","战斧巡航导弹"
"W221","MK48 Mod5/6/7型线导鱼雷"
"W221","MK60捕食者水雷"
"W221","MK67捕食者水雷"
"W221","鱼叉反舰导弹"
"W221","战斧巡航导弹"
"W222","MK48 Mod5/6/7型线导鱼雷"
"W222","MK60捕食者水雷"
"W222","MK67捕食者水雷"
"W222","鱼叉反舰导弹"
"W222","战斧巡航导弹"
"W223","MK48 Mod5/6/7型线导鱼雷"
"W223","MK60捕食者水雷"
"W223","MK67捕食者水雷"
"W223","鱼叉反舰导弹"
"W223","战斧巡航导弹"
"W224","MK48 Mod5/6/7型线导鱼雷"
"W224","MK60捕食者水雷"
"W224","MK67捕食者水雷"
"W224","鱼叉反舰导弹"
"W224","战斧巡航导弹"
"W225","MK48 Mod5/6/7型线导鱼雷"
"W225","MK60捕食者水雷"
"W225","MK67捕食者水雷"
"W225","鱼叉反舰导弹"
"W225","战斧巡航导弹"
"W226","MK48 Mod5/6/7型线导鱼雷"
"W226","MK60捕食者水雷"
"W226","MK67捕食者水雷"
"W226","鱼叉反舰导弹"
"W226","战斧巡航导弹"
"W227","MK48 Mod5/6/7型线导鱼雷"
"W227","MK60捕食者水雷"
"W227","MK67捕食者水雷"
"W227","鱼叉反舰导弹"
"W227","战斧巡航导弹"
"W228","MK48 Mod5/6/7型线导鱼雷"
"W228","MK60捕食者水雷"
"W228","MK67捕食者水雷"
"W228","鱼叉反舰导弹"
"W228","战斧巡航导弹"
"W229","MK48 Mod5/6/7型线导鱼雷"
"W229","MK60捕食者水雷"
"W229","MK67捕食者水雷"
"W229","鱼叉反舰导弹"
"W229","战斧巡航导弹"
"W230","MK48 Mod5/6/7型线导鱼雷"
"W230","MK60捕食者水雷"
"W230","MK67捕食者水雷"
"W230","鱼叉反舰导弹"
"W230","战斧巡航导弹"
"W231","MK48 Mod5/6/7型线导鱼雷"
"W231","MK60捕食者水雷"
"W231","MK67捕食者水雷"
"W231","鱼叉反舰导弹"
"W231","战斧巡航导弹"
"W232","MK48 Mod5/6/7型线导鱼雷"
"W232","MK60捕食者水雷"
"W232","MK67捕食者水雷"
"W232","鱼叉反舰导弹"
"W232","战斧巡航导弹"
"W233","MK48 Mod5/6/7型线导鱼雷"
"W233","MK60捕食者水雷"
"W233","MK67捕食者水雷"
"W233","鱼叉反舰导弹"
"W233","战斧巡航导弹"
"W234","MK48 Mod5/6/7型线导鱼雷"
"W234","MK60捕食者水雷"
"W234","MK67捕食者水雷"
"W234","鱼叉反舰导弹"
"W234","战斧巡航导弹"
"D1","AN/SPY-1 A/B 3D相控阵雷达系统"
"D1","AN/SPS-49/(V)8 2D对空搜索雷达"
"D1","AN/SPS-64(V)9航海雷达"
"D1","AN/SPS-55平面搜索雷达"
"D1","AN/SQS-53A/B/C 舰首声纳"
"D1","AN/SQR-19A/B拖曳阵列声纳"
"D2","AN/SPY-1 A/B 3D相控阵雷达系统"
"D2","AN/SPS-49/(V)8 2D对空搜索雷达"
"D2","AN/SPS-64(V)9航海雷达"
"D2","AN/SPS-55平面搜索雷达"
"D2","AN/SQS-53A/B/C 舰首声纳"
"D2","AN/SQR-19A/B拖曳阵列声纳"
"D3","AN/SPY-1 A/B 3D相控阵雷达系统"
"D3","AN/SPS-49/(V)8 2D对空搜索雷达"
"D3","AN/SPS-64(V)9航海雷达"
"D3","AN/SPS-55平面搜索雷达"
"D3","AN/SQS-53A/B/C 舰首声纳"
"D3","AN/SQR-19A/B拖曳阵列声纳"
"D4","AN/SPY-1 A/B 3D相控阵雷达系统"
"D4","AN/SPS-49/(V)8 2D对空搜索雷达"
"D4","AN/SPS-64(V)9航海雷达"
"D4","AN/SPS-55平面搜索雷达"
"D4","AN/SQS-53A/B/C 舰首声纳"
"D4","AN/SQR-19A/B拖曳阵列声纳"
"D5","AN/SPY-1 A/B 3D相控阵雷达系统"
"D5","AN/SPS-49/(V)8 2D对空搜索雷达"
"D5","AN/SPS-64(V)9航海雷达"
"D5","AN/SPS-55平面搜索雷达"
"D5","AN/SQS-53A/B/C 舰首声纳"
"D5","AN/SQR-19A/B拖曳阵列声纳"
"D6","AN/SPY-1 A/B 3D相控阵雷达系统"
"D6","AN/SPS-49/(V)8 2D对空搜索雷达"
"D6","AN/SPS-64(V)9航海雷达"
"D6","AN/SPS-55平面搜索雷达"
"D6","AN/SQS-53A/B/C 舰首声纳"
"D6","AN/SQR-19A/B拖曳阵列声纳"
"D7","AN/SPY-1 A/B 3D相控阵雷达系统"
"D7","AN/SPS-49/(V)8 2D对空搜索雷达"
"D7","AN/SPS-64(V)9航海雷达"
"D7","AN/SPS-55平面搜索雷达"
"D7","AN/SQS-53A/B/C 舰首声纳"
"D7","AN/SQR-19A/B拖曳阵列声纳"
"D8","AN/SPY-1 A/B 3D相控阵雷达系统"
"D8","AN/SPS-49/(V)8 2D对空搜索雷达"
"D8","AN/SPS-64(V)9航海雷达"
"D8","AN/SPS-55平面搜索雷达"
"D8","AN/SQS-53A/B/C 舰首声纳"
"D8","AN/SQR-19A/B拖曳阵列声纳"
"D9","AN/SPY-1 A/B 3D相控阵雷达系统"
"D9","AN/SPS-49/(V)8 2D对空搜索雷达"
"D9","AN/SPS-64(V)9航海雷达"
"D9","AN/SPS-55平面搜索雷达"
"D9","AN/SQS-53A/B/C 舰首声纳"
"D9","AN/SQR-19A/B拖曳阵列声纳"
"D10","AN/SPY-1 A/B 3D相控阵雷达系统"
"D10","AN/SPS-49/(V)8 2D对空搜索雷达"
"D10","AN/SPS-64(V)9航海雷达"
"D10","AN/SPS-55平面搜索雷达"
"D10","AN/SQS-53A/B/C 舰首声纳"
"D10","AN/SQR-19A/B拖曳阵列声纳"
"D11","AN/SPY-1 A/B 3D相控阵雷达系统"
"D11","AN/SPS-49/(V)8 2D对空搜索雷达"
"D11","AN/SPS-64(V)9航海雷达"
"D11","AN/SPS-55平面搜索雷达"
"D11","AN/SQS-53A/B/C 舰首声纳"
"D11","AN/SQR-19A/B拖曳阵列声纳"
"D12","AN/SPY-1 A/B 3D相控阵雷达系统"
"D12","AN/SPS-49/(V)8 2D对空搜索雷达"
"D12","AN/SPS-64(V)9航海雷达"
"D12","AN/SPS-55平面搜索雷达"
"D12","AN/SQS-53A/B/C 舰首声纳"
"D12","AN/SQR-19A/B拖曳阵列声纳"
"D13","AN/SPY-1 A/B 3D相控阵雷达系统"
"D13","AN/SPS-49/(V)8 2D对空搜索雷达"
"D13","AN/SPS-64(V)9航海雷达"
"D13","AN/SPS-55平面搜索雷达"
"D13","AN/SQS-53A/B/C 舰首声纳"
"D13","AN/SQR-19A/B拖曳阵列声纳"
"D14","AN/SPY-1 A/B 3D相控阵雷达系统"
"D14","AN/SPS-49/(V)8 2D对空搜索雷达"
"D14","AN/SPS-64(V)9航海雷达"
"D14","AN/SPS-55平面搜索雷达"
"D14","AN/SQS-53A/B/C 舰首声纳"
"D14","AN/SQR-19A/B拖曳阵列声纳"
"D15","AN/SPY-1 A/B 3D相控阵雷达系统"
"D15","AN/SPS-49/(V)8 2D对空搜索雷达"
"D15","AN/SPS-64(V)9航海雷达"
"D15","AN/SPS-55平面搜索雷达"
"D15","AN/SQS-53A/B/C 舰首声纳"
"D15","AN/SQR-19A/B拖曳阵列声纳"
"D16","AN/SPY-1 A/B 3D相控阵雷达系统"
"D16","AN/SPS-49/(V)8 2D对空搜索雷达"
"D16","AN/SPS-64(V)9航海雷达"
"D16","AN/SPS-55平面搜索雷达"
"D16","AN/SQS-53A/B/C 舰首声纳"
"D16","AN/SQR-19A/B拖曳阵列声纳"
"D17","AN/SPY-1 A/B 3D相控阵雷达系统"
"D17","AN/SPS-49/(V)8 2D对空搜索雷达"
"D17","AN/SPS-64(V)9航海雷达"
"D17","AN/SPS-55平面搜索雷达"
"D17","AN/SQS-53A/B/C 舰首声纳"
"D17","AN/SQR-19A/B拖曳阵列声纳"
"D18","AN/SPY-1 A/B 3D相控阵雷达系统"
"D18","AN/SPS-49/(V)8 2D对空搜索雷达"
"D18","AN/SPS-64(V)9航海雷达"
"D18","AN/SPS-55平面搜索雷达"
"D18","AN/SQS-53A/B/C 舰首声纳"
"D18","AN/SQR-19A/B拖曳阵列声纳"
"D19","AN/SPY-1 A/B 3D相控阵雷达系统"
"D19","AN/SPS-49/(V)8 2D对空搜索雷达"
"D19","AN/SPS-64(V)9航海雷达"
"D19","AN/SPS-55平面搜索雷达"
"D19","AN/SQS-53A/B/C 舰首声纳"
"D19","AN/SQR-19A/B拖曳阵列声纳"
"D20","AN/SPY-1 A/B 3D相控阵雷达系统"
"D20","AN/SPS-49/(V)8 2D对空搜索雷达"
"D20","AN/SPS-64(V)9航海雷达"
"D20","AN/SPS-55平面搜索雷达"
"D20","AN/SQS-53A/B/C 舰首声纳"
"D20","AN/SQR-19A/B拖曳阵列声纳"
"D21","AN/SPY-1 A/B 3D相控阵雷达系统"
"D21","AN/SPS-49/(V)8 2D对空搜索雷达"
"D21","AN/SPS-64(V)9航海雷达"
"D21","AN/SPS-55平面搜索雷达"
"D21","AN/SQS-53A/B/C 舰首声纳"
"D21","AN/SQR-19A/B拖曳阵列声纳"
"D22","AN/SPY-1 A/B 3D相控阵雷达系统"
"D22","AN/SPS-49/(V)8 2D对空搜索雷达"
"D22","AN/SPS-64(V)9航海雷达"
"D22","AN/SPS-55平面搜索雷达"
"D22","AN/SQS-53A/B/C 舰首声纳"
"D22","AN/SQR-19A/B拖曳阵列声纳"
"D23","AN/SPS-48C/E 3D对空搜索雷达"
"D23","AN/SPS-43A 2D对空搜索雷达"
"D23","AN/SPS-49(V)5 2D对空搜索雷达"
"D23","AN/SPS-67平面搜索雷达"
"D23","MK-91海麻雀导弹火控雷达"
"D23","AN/SPQ-9A追踪雷达"
"D24","AN/SPS-48C/E 3D对空搜索雷达"
"D24","AN/SPS-43A 2D对空搜索雷达"
"D24","AN/SPS-49(V)5 2D对空搜索雷达"
"D24","AN/SPS-67平面搜索雷达"
"D24","MK-91海麻雀导弹火控雷达"
"D24","AN/SPQ-9A追踪雷达"
"D25","AN/SPS-48C/E 3D对空搜索雷达"
"D25","AN/SPS-43A 2D对空搜索雷达"
"D25","AN/SPS-49(V)5 2D对空搜索雷达"
"D25","AN/SPS-67平面搜索雷达"
"D25","MK-91海麻雀导弹火控雷达"
"D25","AN/SPQ-9A追踪雷达"
"D26","AN/SPS-48C/E 3D对空搜索雷达"
"D26","AN/SPS-43A 2D对空搜索雷达"
"D26","AN/SPS-49(V)5 2D对空搜索雷达"
"D26","AN/SPS-67平面搜索雷达"
"D26","MK-91海麻雀导弹火控雷达"
"D26","AN/SPQ-9A追踪雷达"
"D27","AN/SPS-48C/E 3D对空搜索雷达"
"D27","AN/SPS-43A 2D对空搜索雷达"
"D27","AN/SPS-49(V)5 2D对空搜索雷达"
"D27","AN/SPS-67平面搜索雷达"
"D27","MK-91海麻雀导弹火控雷达"
"D27","AN/SPQ-9A追踪雷达"
"D28","AN/SPS-48C/E 3D对空搜索雷达"
"D28","AN/SPS-43A 2D对空搜索雷达"
"D28","AN/SPS-49(V)5 2D对空搜索雷达"
"D28","AN/SPS-67平面搜索雷达"
"D28","MK-91海麻雀导弹火控雷达"
"D28","AN/SPQ-9A追踪雷达"
"D29","AN/SPS-48C/E 3D对空搜索雷达"
"D29","AN/SPS-43A 2D对空搜索雷达"
"D29","AN/SPS-49(V)5 2D对空搜索雷达"
"D29","AN/SPS-67平面搜索雷达"
"D29","MK-91海麻雀导弹火控雷达"
"D29","AN/SPQ-9A追踪雷达"
"D30","AN/SPS-48C/E 3D对空搜索雷达"
"D30","AN/SPS-43A 2D对空搜索雷达"
"D30","AN/SPS-49(V)5 2D对空搜索雷达"
"D30","AN/SPS-67平面搜索雷达"
"D30","MK-91海麻雀导弹火控雷达"
"D30","AN/SPQ-9A追踪雷达"
"D31","AN/SPS-48C/E 3D对空搜索雷达"
"D31","AN/SPS-43A 2D对空搜索雷达"
"D31","AN/SPS-49(V)5 2D对空搜索雷达"
"D31","AN/SPS-67平面搜索雷达"
"D31","MK-91海麻雀导弹火控雷达"
"D31","AN/SPQ-9A追踪雷达"
"D32","AN/SPS-48C/E 3D对空搜索雷达"
"D32","AN/SPS-43A 2D对空搜索雷达"
"D32","AN/SPS-49(V)5 2D对空搜索雷达"
"D32","AN/SPS-67平面搜索雷达"
"D32","MK-91海麻雀导弹火控雷达"
"D32","AN/SPQ-9A追踪雷达"
"D33","AN/SPY-3 I/J频带多功能雷达"
"D33","AN/SPY-4 S长程广域搜索雷达"
"D34","AN/SPY-3 I/J频带多功能雷达"
"D34","AN/SPY-4 S长程广域搜索雷达"
"D35","AN/SPY-1D/(V) 3D相控阵雷达系统"
"D35","AN/SPG-62照射雷达"
"D35","AN/SPS-67(V)3平面搜索雷达"
"D35","AN/SPS-64(V)9航海雷达"
"D35","AN/SQS-53C舰首声纳"
"D35","LAMPS III的SQQ-89(V)10"
"D35","MK-46 Mod1光电航空仪"
"D35","Decca Bridge Master E航海雷达"
"D36","AN/SPY-3 X频多功能相控阵雷达"
"D36","整合光电侦测/射控系统"
"D36","整合式双频主/被动舰首声纳"
"D36","LBVDS轻量化宽频变深声纳"
"D36","AN/SQR-20多功能拖曳阵列声纳"
"D37","AN/SPY-3 X频多功能相控阵雷达"
"D37","整合光电侦测/射控系统"
"D37","整合式双频主/被动舰首声纳"
"D37","LBVDS轻量化宽频变深声纳"
"D37","AN/SQR-20多功能拖曳阵列声纳"
"D38","AN/SPY-3 X频多功能相控阵雷达"
"D38","整合光电侦测/射控系统"
"D38","整合式双频主/被动舰首声纳"
"D38","LBVDS轻量化宽频变深声纳"
"D38","AN/SQR-20多功能拖曳阵列声纳"
"D39","AN/SPY-1D/(V) 3D相控阵雷达系统"
"D39","AN/SPG-62照射雷达"
"D39","AN/SPS-67(V)3平面搜索雷达"
"D39","AN/SPS-64(V)9航海雷达"
"D39","AN/SQS-53C舰首声纳"
"D39","LAMPS III的SQQ-89(V)10"
"D39","MK-46 Mod1光电航空仪"
"D39","Decca Bridge Master E航海雷达"
"D40","AN/SPY-1D/(V) 3D相控阵雷达系统"
"D40","AN/SPG-62照射雷达"
"D40","AN/SPS-67(V)3平面搜索雷达"
"D40","AN/SPS-64(V)9航海雷达"
"D40","AN/SQS-53C舰首声纳"
"D40","LAMPS III的SQQ-89(V)10"
"D40","MK-46 Mod1光电航空仪"
"D40","Decca Bridge Master E航海雷达"
"D41","AN/SPY-1D/(V) 3D相控阵雷达系统"
"D41","AN/SPG-62照射雷达"
"D41","AN/SPS-67(V)3平面搜索雷达"
"D41","AN/SPS-64(V)9航海雷达"
"D41","AN/SQS-53C舰首声纳"
"D41","LAMPS III的SQQ-89(V)10"
"D41","MK-46 Mod1光电航空仪"
"D41","Decca Bridge Master E航海雷达"
"D42","AN/SPY-1D/(V) 3D相控阵雷达系统"
"D42","AN/SPG-62照射雷达"
"D42","AN/SPS-67(V)3平面搜索雷达"
"D42","AN/SPS-64(V)9航海雷达"
"D42","AN/SQS-53C舰首声纳"
"D42","LAMPS III的SQQ-89(V)10"
"D42","MK-46 Mod1光电航空仪"
"D42","Decca Bridge Master E航海雷达"
"D43","AN/SPY-1D/(V) 3D相控阵雷达系统"
"D43","AN/SPG-62照射雷达"
"D43","AN/SPS-67(V)3平面搜索雷达"
"D43","AN/SPS-64(V)9航海雷达"
"D43","AN/SQS-53C舰首声纳"
"D43","LAMPS III的SQQ-89(V)10"
"D43","MK-46 Mod1光电航空仪"
"D43","Decca Bridge Master E航海雷达"
"D44","AN/SPY-1D/(V) 3D相控阵雷达系统"
"D44","AN/SPG-62照射雷达"
"D44","AN/SPS-67(V)3平面搜索雷达"
"D44","AN/SPS-64(V)9航海雷达"
"D44","AN/SQS-53C舰首声纳"
"D44","LAMPS III的SQQ-89(V)10"
"D44","MK-46 Mod1光电航空仪"
"D44","Decca Bridge Master E航海雷达"
"D45","AN/SPY-1D/(V) 3D相控阵雷达系统"
"D45","AN/SPG-62照射雷达"
"D45","AN/SPS-67(V)3平面搜索雷达"
"D45","AN/SPS-64(V)9航海雷达"
"D45","AN/SQS-53C舰首声纳"
"D45","LAMPS III的SQQ-89(V)10"
"D45","MK-46 Mod1光电航空仪"
"D45","Decca Bridge Master E航海雷达"
"D46","AN/SPY-1D/(V) 3D相控阵雷达系统"
"D46","AN/SPG-62照射雷达"
"D46","AN/SPS-67(V)3平面搜索雷达"
"D46","AN/SPS-64(V)9航海雷达"
"D46","AN/SQS-53C舰首声纳"
"D46","LAMPS III的SQQ-89(V)10"
"D46","MK-46 Mod1光电航空仪"
"D46","Decca Bridge Master E航海雷达"
"D47","AN/SPY-1D/(V) 3D相控阵雷达系统"
"D47","AN/SPG-62照射雷达"
"D47","AN/SPS-67(V)3平面搜索雷达"
"D47","AN/SPS-64(V)9航海雷达"
"D47","AN/SQS-53C舰首声纳"
"D47","LAMPS III的SQQ-89(V)10"
"D47","MK-46 Mod1光电航空仪"
"D47","Decca Bridge Master E航海雷达"
"D48","AN/SPY-1D/(V) 3D相控阵雷达系统"
"D48","AN/SPG-62照射雷达"
"D48","AN/SPS-67(V)3平面搜索雷达"
"D48","AN/SPS-64(V)9航海雷达"
"D48","AN/SQS-53C舰首声纳"
"D48","LAMPS III的SQQ-89(V)10"
"D48","MK-46 Mod1光电航空仪"
"D48","Decca Bridge Master E航海雷达"
"D49","AN/SPY-1D/(V) 3D相控阵雷达系统"
"D49","AN/SPG-62照射雷达"
"D49","AN/SPS-67(V)3平面搜索雷达"
"D49","AN/SPS-64(V)9航海雷达"
"D49","AN/SQS-53C舰首声纳"
"D49","LAMPS III的SQQ-89(V)10"
"D49","MK-46 Mod1光电航空仪"
"D49","Decca Bridge Master E航海雷达"
"D50","AN/SPY-1D/(V) 3D相控阵雷达系统"
"D50","AN/SPG-62照射雷达"
"D50","AN/SPS-67(V)3平面搜索雷达"
"D50","AN/SPS-64(V)9航海雷达"
"D50","AN/SQS-53C舰首声纳"
"D50","LAMPS III的SQQ-89(V)10"
"D50","MK-46 Mod1光电航空仪"
"D50","Decca Bridge Master E航海雷达"
"D51","AN/SPY-1D/(V) 3D相控阵雷达系统"
"D51","AN/SPG-62照射雷达"
"D51","AN/SPS-67(V)3平面搜索雷达"
"D51","AN/SPS-64(V)9航海雷达"
"D51","AN/SQS-53C舰首声纳"
"D51","LAMPS III的SQQ-89(V)10"
"D51","MK-46 Mod1光电航空仪"
"D51","Decca Bridge Master E航海雷达"
"D52","AN/SPY-1D/(V) 3D相控阵雷达系统"
"D52","AN/SPG-62照射雷达"
"D52","AN/SPS-67(V)3平面搜索雷达"
"D52","AN/SPS-64(V)9航海雷达"
"D52","AN/SQS-53C舰首声纳"
"D52","LAMPS III的SQQ-89(V)10"
"D52","MK-46 Mod1光电航空仪"
"D52","Decca Bridge Master E航海雷达"
"D53","AN/SPY-1D/(V) 3D相控阵雷达系统"
"D53","AN/SPG-62照射雷达"
"D53","AN/SPS-67(V)3平面搜索雷达"
"D53","AN/SPS-64(V)9航海雷达"
"D53","AN/SQS-53C舰首声纳"
"D53","LAMPS III的SQQ-89(V)10"
"D53","MK-46 Mod1光电航空仪"
"D53","Decca Bridge Master E航海雷达"
"D54","AN/SPY-1D/(V) 3D相控阵雷达系统"
"D54","AN/SPG-62照射雷达"
"D54","AN/SPS-67(V)3平面搜索雷达"
"D54","AN/SPS-64(V)9航海雷达"
"D54","AN/SQS-53C舰首声纳"
"D54","LAMPS III的SQQ-89(V)10"
"D54","MK-46 Mod1光电航空仪"
"D54","Decca Bridge Master E航海雷达"
"D55","AN/SPY-1D/(V) 3D相控阵雷达系统"
"D55","AN/SPG-62照射雷达"
"D55","AN/SPS-67(V)3平面搜索雷达"
"D55","AN/SPS-64(V)9航海雷达"
"D55","AN/SQS-53C舰首声纳"
"D55","LAMPS III的SQQ-89(V)10"
"D55","MK-46 Mod1光电航空仪"
"D55","Decca Bridge Master E航海雷达"
"D56","AN/SPY-1D/(V) 3D相控阵雷达系统"
"D56","AN/SPG-62照射雷达"
"D56","AN/SPS-67(V)3平面搜索雷达"
"D56","AN/SPS-64(V)9航海雷达"
"D56","AN/SQS-53C舰首声纳"
"D56","AN/SQR-19拖曳阵列声纳 "
"D56","MK-46 Mod0光电航空仪"
"D57","AN/SPY-1D/(V) 3D相控阵雷达系统"
"D57","AN/SPG-62照射雷达"
"D57","AN/SPS-67(V)3平面搜索雷达"
"D57","AN/SPS-64(V)9航海雷达"
"D57","AN/SQS-53C舰首声纳"
"D57","AN/SQR-19拖曳阵列声纳 "
"D57","MK-46 Mod0光电航空仪"
"D58","AN/SPY-1D/(V) 3D相控阵雷达系统"
"D58","AN/SPG-62照射雷达"
"D58","AN/SPS-67(V)3平面搜索雷达"
"D58","AN/SPS-64(V)9航海雷达"
"D58","AN/SQS-53C舰首声纳"
"D58","AN/SQR-19拖曳阵列声纳 "
"D58","MK-46 Mod0光电航空仪"
"D59","AN/SPY-1D/(V) 3D相控阵雷达系统"
"D59","AN/SPG-62照射雷达"
"D59","AN/SPS-67(V)3平面搜索雷达"
"D59","AN/SPS-64(V)9航海雷达"
"D59","AN/SQS-53C舰首声纳"
"D59","AN/SQR-19拖曳阵列声纳 "
"D59","MK-46 Mod0光电航空仪"
"D60","AN/SPY-1D/(V) 3D相控阵雷达系统"
"D60","AN/SPG-62照射雷达"
"D60","AN/SPS-67(V)3平面搜索雷达"
"D60","AN/SPS-64(V)9航海雷达"
"D60","AN/SQS-53C舰首声纳"
"D60","AN/SQR-19拖曳阵列声纳 "
"D60","MK-46 Mod0光电航空仪"
"D61","AN/SPY-1D/(V) 3D相控阵雷达系统"
"D61","AN/SPG-62照射雷达"
"D61","AN/SPS-67(V)3平面搜索雷达"
"D61","AN/SPS-64(V)9航海雷达"
"D61","AN/SQS-53C舰首声纳"
"D61","AN/SQR-19拖曳阵列声纳 "
"D61","MK-46 Mod0光电航空仪"
"D62","AN/SPY-1D/(V) 3D相控阵雷达系统"
"D62","AN/SPG-62照射雷达"
"D62","AN/SPS-67(V)3平面搜索雷达"
"D62","AN/SPS-64(V)9航海雷达"
"D62","AN/SQS-53C舰首声纳"
"D62","AN/SQR-19拖曳阵列声纳 "
"D62","MK-46 Mod0光电航空仪"
"D63","AN/SPY-1D/(V) 3D相控阵雷达系统"
"D63","AN/SPG-62照射雷达"
"D63","AN/SPS-67(V)3平面搜索雷达"
"D63","AN/SPS-64(V)9航海雷达"
"D63","AN/SQS-53C舰首声纳"
"D63","AN/SQR-19拖曳阵列声纳 "
"D63","MK-46 Mod0光电航空仪"
"D64","AN/SPY-1D/(V) 3D相控阵雷达系统"
"D64","AN/SPG-62照射雷达"
"D64","AN/SPS-67(V)3平面搜索雷达"
"D64","AN/SPS-64(V)9航海雷达"
"D64","AN/SQS-53C舰首声纳"
"D64","AN/SQR-19拖曳阵列声纳 "
"D64","MK-46 Mod0光电航空仪"
"D65","AN/SPY-1D/(V) 3D相控阵雷达系统"
"D65","AN/SPG-62照射雷达"
"D65","AN/SPS-67(V)3平面搜索雷达"
"D65","AN/SPS-64(V)9航海雷达"
"D65","AN/SQS-53C舰首声纳"
"D65","AN/SQR-19拖曳阵列声纳 "
"D65","MK-46 Mod0光电航空仪"
"D66","AN/SPY-1D/(V) 3D相控阵雷达系统"
"D66","AN/SPG-62照射雷达"
"D66","AN/SPS-67(V)3平面搜索雷达"
"D66","AN/SPS-64(V)9航海雷达"
"D66","AN/SQS-53C舰首声纳"
"D66","AN/SQR-19拖曳阵列声纳 "
"D66","MK-46 Mod0光电航空仪"
"D67","AN/SPY-1D/(V) 3D相控阵雷达系统"
"D67","AN/SPG-62照射雷达"
"D67","AN/SPS-67(V)3平面搜索雷达"
"D67","AN/SPS-64(V)9航海雷达"
"D67","AN/SQS-53C舰首声纳"
"D67","AN/SQR-19拖曳阵列声纳 "
"D67","MK-46 Mod0光电航空仪"
"D68","AN/SPY-1D/(V) 3D相控阵雷达系统"
"D68","AN/SPG-62照射雷达"
"D68","AN/SPS-67(V)3平面搜索雷达"
"D68","AN/SPS-64(V)9航海雷达"
"D68","AN/SQS-53C舰首声纳"
"D68","AN/SQR-19拖曳阵列声纳 "
"D68","MK-46 Mod0光电航空仪"
"D69","AN/SPY-1D/(V) 3D相控阵雷达系统"
"D69","AN/SPG-62照射雷达"
"D69","AN/SPS-67(V)3平面搜索雷达"
"D69","AN/SPS-64(V)9航海雷达"
"D69","AN/SQS-53C舰首声纳"
"D69","AN/SQR-19拖曳阵列声纳 "
"D69","MK-46 Mod0光电航空仪"
"D70","AN/SPY-1D/(V) 3D相控阵雷达系统"
"D70","AN/SPG-62照射雷达"
"D70","AN/SPS-67(V)3平面搜索雷达"
"D70","AN/SPS-64(V)9航海雷达"
"D70","AN/SQS-53C舰首声纳"
"D70","AN/SQR-19拖曳阵列声纳 "
"D70","MK-46 Mod0光电航空仪"
"D71","AN/SPY-1D/(V) 3D相控阵雷达系统"
"D71","AN/SPG-62照射雷达"
"D71","AN/SPS-67(V)3平面搜索雷达"
"D71","AN/SPS-64(V)9航海雷达"
"D71","AN/SQS-53C舰首声纳"
"D71","AN/SQR-19拖曳阵列声纳 "
"D71","MK-46 Mod0光电航空仪"
"D72","AN/SPY-1D/(V) 3D相控阵雷达系统"
"D72","AN/SPG-62照射雷达"
"D72","AN/SPS-67(V)3平面搜索雷达"
"D72","AN/SPS-64(V)9航海雷达"
"D72","AN/SQS-53C舰首声纳"
"D72","AN/SQR-19拖曳阵列声纳 "
"D72","MK-46 Mod0光电航空仪"
"D73","AN/SPY-1D/(V) 3D相控阵雷达系统"
"D73","AN/SPG-62照射雷达"
"D73","AN/SPS-67(V)3平面搜索雷达"
"D73","AN/SPS-64(V)9航海雷达"
"D73","AN/SQS-53C舰首声纳"
"D73","AN/SQR-19拖曳阵列声纳 "
"D73","MK-46 Mod0光电航空仪"
"D74","AN/SPY-1D/(V) 3D相控阵雷达系统"
"D74","AN/SPG-62照射雷达"
"D74","AN/SPS-67(V)3平面搜索雷达"
"D74","AN/SPS-64(V)9航海雷达"
"D74","AN/SQS-53C舰首声纳"
"D74","AN/SQR-19拖曳阵列声纳 "
"D74","MK-46 Mod0光电航空仪"
"D75","AN/SPY-1D/(V) 3D相控阵雷达系统"
"D75","AN/SPG-62照射雷达"
"D75","AN/SPS-67(V)3平面搜索雷达"
"D75","AN/SPS-64(V)9航海雷达"
"D75","AN/SQS-53C舰首声纳"
"D75","AN/SQR-19拖曳阵列声纳 "
"D75","MK-46 Mod0光电航空仪"
"D76","AN/SPY-1D/(V) 3D相控阵雷达系统"
"D76","AN/SPG-62照射雷达"
"D76","AN/SPS-67(V)3平面搜索雷达"
"D76","AN/SPS-64(V)9航海雷达"
"D76","AN/SQS-53C舰首声纳"
"D76","AN/SQR-19拖曳阵列声纳 "
"D76","MK-46 Mod0光电航空仪"
"D77","AN/SPY-1D/(V) 3D相控阵雷达系统"
"D77","AN/SPG-62照射雷达"
"D77","AN/SPS-67(V)3平面搜索雷达"
"D77","AN/SPS-64(V)9航海雷达"
"D77","AN/SQS-53C舰首声纳"
"D77","AN/SQR-19拖曳阵列声纳 "
"D77","MK-46 Mod0光电航空仪"
"D78","AN/SPY-1D/(V) 3D相控阵雷达系统"
"D78","AN/SPG-62照射雷达"
"D78","AN/SPS-67(V)3平面搜索雷达"
"D78","AN/SPS-64(V)9航海雷达"
"D78","AN/SQS-53C舰首声纳"
"D78","AN/SQR-19拖曳阵列声纳 "
"D78","MK-46 Mod0光电航空仪"
"D79","AN/SPY-1D/(V) 3D相控阵雷达系统"
"D79","AN/SPG-62照射雷达"
"D79","AN/SPS-67(V)3平面搜索雷达"
"D79","AN/SPS-64(V)9航海雷达"
"D79","AN/SQS-53C舰首声纳"
"D79","AN/SQR-19拖曳阵列声纳 "
"D79","MK-46 Mod0光电航空仪"
"D80","AN/SPY-1D/(V) 3D相控阵雷达系统"
"D80","AN/SPG-62照射雷达"
"D80","AN/SPS-67(V)3平面搜索雷达"
"D80","AN/SPS-64(V)9航海雷达"
"D80","AN/SQS-53C舰首声纳"
"D80","AN/SQR-19拖曳阵列声纳 "
"D80","MK-46 Mod0光电航空仪"
"D81","AN/SPY-1D/(V) 3D相控阵雷达系统"
"D81","AN/SPG-62照射雷达"
"D81","AN/SPS-67(V)3平面搜索雷达"
"D81","AN/SPS-64(V)9航海雷达"
"D81","AN/SQS-53C舰首声纳"
"D81","AN/SQR-19拖曳阵列声纳 "
"D81","MK-46 Mod0光电航空仪"
"D82","AN/SPY-1D/(V) 3D相控阵雷达系统"
"D82","AN/SPG-62照射雷达"
"D82","AN/SPS-67(V)3平面搜索雷达"
"D82","AN/SPS-64(V)9航海雷达"
"D82","AN/SQS-53C舰首声纳"
"D82","AN/SQR-19拖曳阵列声纳 "
"D82","MK-46 Mod0光电航空仪"
"D83","AN/SPY-1D/(V) 3D相控阵雷达系统"
"D83","AN/SPG-62照射雷达"
"D83","AN/SPS-67(V)3平面搜索雷达"
"D83","AN/SPS-64(V)9航海雷达"
"D83","AN/SQS-53C舰首声纳"
"D83","AN/SQR-19拖曳阵列声纳 "
"D83","MK-46 Mod0光电航空仪"
"D84","AN/SPY-1D/(V) 3D相控阵雷达系统"
"D84","AN/SPG-62照射雷达"
"D84","AN/SPS-67(V)3平面搜索雷达"
"D84","AN/SPS-64(V)9航海雷达"
"D84","AN/SQS-53C舰首声纳"
"D84","LAMPS III的SQQ-89(V)10"
"D84","MK-46 Mod0光电航空仪"
"D85","AN/SPY-1D/(V) 3D相控阵雷达系统"
"D85","AN/SPG-62照射雷达"
"D85","AN/SPS-67(V)3平面搜索雷达"
"D85","AN/SPS-64(V)9航海雷达"
"D85","AN/SQS-53C舰首声纳"
"D85","LAMPS III的SQQ-89(V)10"
"D85","MK-46 Mod0光电航空仪"
"D86","AN/SPY-1D/(V) 3D相控阵雷达系统"
"D86","AN/SPG-62照射雷达"
"D86","AN/SPS-67(V)3平面搜索雷达"
"D86","AN/SPS-64(V)9航海雷达"
"D86","AN/SQS-53C舰首声纳"
"D86","LAMPS III的SQQ-89(V)10"
"D86","MK-46 Mod0光电航空仪"
"D87","AN/SPY-1D/(V) 3D相控阵雷达系统"
"D87","AN/SPG-62照射雷达"
"D87","AN/SPS-67(V)3平面搜索雷达"
"D87","AN/SPS-64(V)9航海雷达"
"D87","AN/SQS-53C舰首声纳"
"D87","LAMPS III的SQQ-89(V)10"
"D87","MK-46 Mod0光电航空仪"
"D88","AN/SPY-1D/(V) 3D相控阵雷达系统"
"D88","AN/SPG-62照射雷达"
"D88","AN/SPS-67(V)3平面搜索雷达"
"D88","AN/SPS-64(V)9航海雷达"
"D88","AN/SQS-53C舰首声纳"
"D88","LAMPS III的SQQ-89(V)10"
"D88","MK-46 Mod0光电航空仪"
"D89","AN/SPY-1D/(V) 3D相控阵雷达系统"
"D89","AN/SPG-62照射雷达"
"D89","AN/SPS-67(V)3平面搜索雷达"
"D89","AN/SPS-64(V)9航海雷达"
"D89","AN/SQS-53C舰首声纳"
"D89","LAMPS III的SQQ-89(V)10"
"D89","MK-46 Mod0光电航空仪"
"D90","AN/SPY-1D/(V) 3D相控阵雷达系统"
"D90","AN/SPG-62照射雷达"
"D90","AN/SPS-67(V)3平面搜索雷达"
"D90","AN/SPS-64(V)9航海雷达"
"D90","AN/SQS-53C舰首声纳"
"D90","LAMPS III的SQQ-89(V)10"
"D90","MK-46 Mod1光电航空仪"
"D91","AN/SPY-1D/(V) 3D相控阵雷达系统"
"D91","AN/SPG-62照射雷达"
"D91","AN/SPS-67(V)3平面搜索雷达"
"D91","AN/SPS-64(V)9航海雷达"
"D91","AN/SQS-53C舰首声纳"
"D91","LAMPS III的SQQ-89(V)10"
"D91","MK-46 Mod1光电航空仪"
"D92","AN/SPY-1D/(V) 3D相控阵雷达系统"
"D92","AN/SPG-62照射雷达"
"D92","AN/SPS-67(V)3平面搜索雷达"
"D92","AN/SPS-64(V)9航海雷达"
"D92","AN/SQS-53C舰首声纳"
"D92","LAMPS III的SQQ-89(V)10"
"D92","MK-46 Mod1光电航空仪"
"D92","Decca Bridge Master E航海雷达"
"D93","AN/SPY-1D/(V) 3D相控阵雷达系统"
"D93","AN/SPG-62照射雷达"
"D93","AN/SPS-67(V)3平面搜索雷达"
"D93","AN/SPS-64(V)9航海雷达"
"D93","AN/SQS-53C舰首声纳"
"D93","LAMPS III的SQQ-89(V)10"
"D93","MK-46 Mod1光电航空仪"
"D93","Decca Bridge Master E航海雷达"
"D94","AN/SPY-1D/(V) 3D相控阵雷达系统"
"D94","AN/SPG-62照射雷达"
"D94","AN/SPS-67(V)3平面搜索雷达"
"D94","AN/SPS-64(V)9航海雷达"
"D94","AN/SQS-53C舰首声纳"
"D94","LAMPS III的SQQ-89(V)10"
"D94","MK-46 Mod1光电航空仪"
"D94","Decca Bridge Master E航海雷达"
"D95","AN/SPY-1D/(V) 3D相控阵雷达系统"
"D95","AN/SPG-62照射雷达"
"D95","AN/SPS-67(V)3平面搜索雷达"
"D95","AN/SPS-64(V)9航海雷达"
"D95","AN/SQS-53C舰首声纳"
"D95","LAMPS III的SQQ-89(V)10"
"D95","MK-46 Mod1光电航空仪"
"D95","Decca Bridge Master E航海雷达"
"D96","AN/SPY-1D/(V) 3D相控阵雷达系统"
"D96","AN/SPG-62照射雷达"
"D96","AN/SPS-67(V)3平面搜索雷达"
"D96","AN/SPS-64(V)9航海雷达"
"D96","AN/SQS-53C舰首声纳"
"D96","LAMPS III的SQQ-89(V)10"
"D96","MK-46 Mod1光电航空仪"
"D96","Decca Bridge Master E航海雷达"
"D97","AN/SPY-1D/(V) 3D相控阵雷达系统"
"D97","AN/SPG-62照射雷达"
"D97","AN/SPS-67(V)3平面搜索雷达"
"D97","AN/SPS-64(V)9航海雷达"
"D97","AN/SQS-53C舰首声纳"
"D97","LAMPS III的SQQ-89(V)10"
"D97","MK-46 Mod1光电航空仪"
"D97","Decca Bridge Master E航海雷达"
"D98","AN/SPY-1D/(V) 3D相控阵雷达系统"
"D98","AN/SPG-62照射雷达"
"D98","AN/SPS-67(V)3平面搜索雷达"
"D98","AN/SPS-64(V)9航海雷达"
"D98","AN/SQS-53C舰首声纳"
"D98","LAMPS III的SQQ-89(V)10"
"D98","MK-46 Mod1光电航空仪"
"D98","Decca Bridge Master E航海雷达"
"D99","AN/SPY-1D/(V) 3D相控阵雷达系统"
"D99","AN/SPG-62照射雷达"
"D99","AN/SPS-67(V)3平面搜索雷达"
"D99","AN/SPS-64(V)9航海雷达"
"D99","AN/SQS-53C舰首声纳"
"D99","LAMPS III的SQQ-89(V)10"
"D99","MK-46 Mod1光电航空仪"
"D99","Decca Bridge Master E航海雷达"
"D100","AN/SPY-1D/(V) 3D相控阵雷达系统"
"D100","AN/SPG-62照射雷达"
"D100","AN/SPS-67(V)3平面搜索雷达"
"D100","AN/SPS-64(V)9航海雷达"
"D100","AN/SQS-53C舰首声纳"
"D100","LAMPS III的SQQ-89(V)10"
"D100","MK-46 Mod1光电航空仪"
"D100","Decca Bridge Master E航海雷达"
"D101","AN/SPY-1D/(V) 3D相控阵雷达系统"
"D101","AN/SPG-62照射雷达"
"D101","AN/SPS-67(V)3平面搜索雷达"
"D101","AN/SPS-64(V)9航海雷达"
"D101","AN/SQS-53C舰首声纳"
"D101","LAMPS III的SQQ-89(V)10"
"D101","MK-46 Mod1光电航空仪"
"D101","Decca Bridge Master E航海雷达"
"D102","AN/SPY-1D/(V) 3D相控阵雷达系统"
"D102","AN/SPG-62照射雷达"
"D102","AN/SPS-67(V)3平面搜索雷达"
"D102","AN/SPS-64(V)9航海雷达"
"D102","AN/SQS-53C舰首声纳"
"D102","LAMPS III的SQQ-89(V)10"
"D102","MK-46 Mod1光电航空仪"
"D102","Decca Bridge Master E航海雷达"
"D103","AN/SPY-1D/(V) 3D相控阵雷达系统"
"D103","AN/SPG-62照射雷达"
"D103","AN/SPS-67(V)3平面搜索雷达"
"D103","AN/SPS-64(V)9航海雷达"
"D103","AN/SQS-53C舰首声纳"
"D103","LAMPS III的SQQ-89(V)10"
"D103","MK-46 Mod1光电航空仪"
"D103","Decca Bridge Master E航海雷达"
"D104","AN/SPY-1D/(V) 3D相控阵雷达系统"
"D104","AN/SPG-62照射雷达"
"D104","AN/SPS-67(V)3平面搜索雷达"
"D104","AN/SPS-64(V)9航海雷达"
"D104","AN/SQS-53C舰首声纳"
"D104","LAMPS III的SQQ-89(V)10"
"D104","MK-46 Mod1光电航空仪"
"D104","Decca Bridge Master E航海雷达"
"D105","TRS-3D型C波段对空/平面搜索雷达"
"D106","TRS-3D型C波段对空/平面搜索雷达"
"D106","“海长颈鹿（Sea Giraffe）”雷达"
"D107","TRS-3D型C波段对空/平面搜索雷达"
"D108","TRS-3D型C波段对空/平面搜索雷达"
"D108","“海长颈鹿（Sea Giraffe）”雷达"
"D109","TRS-3D型C波段对空/平面搜索雷达"
"D110","TRS-3D型C波段对空/平面搜索雷达"
"D110","“海长颈鹿（Sea Giraffe）”雷达"
"D111","TRS-3D型C波段对空/平面搜索雷达"
"D112","TRS-3D型C波段对空/平面搜索雷达"
"D112","“海长颈鹿（Sea Giraffe）”雷达"
"D113","TRS-3D型C波段对空/平面搜索雷达"
"D114","TRS-3D型C波段对空/平面搜索雷达"
"D114","“海长颈鹿（Sea Giraffe）”雷达"
"D115","TRS-3D型C波段对空/平面搜索雷达"
"D115","“海长颈鹿（Sea Giraffe）”雷达"
"D116","TRS-3D型C波段对空/平面搜索雷达"
"D116","“海长颈鹿（Sea Giraffe）”雷达"
"D117","TRS-3D型C波段对空/平面搜索雷达"
"D117","“海长颈鹿（Sea Giraffe）”雷达"
"D118","TRS-3D型C波段对空/平面搜索雷达"
"D119","TRS-3D型C波段对空/平面搜索雷达"
"D119","“海长颈鹿（Sea Giraffe）”雷达"
"D120","TRS-3D型C波段对空/平面搜索雷达"
"D121","TRS-3D型C波段对空/平面搜索雷达"
"D121","“海长颈鹿（Sea Giraffe）”雷达"
"D122","TRS-3D型C波段对空/平面搜索雷达"
"D123","TRS-3D型C波段对空/平面搜索雷达"
"D123","“海长颈鹿（Sea Giraffe）”雷达"
"D124","TRS-3D型C波段对空/平面搜索雷达"
"D125","AN/SPS-48E 3D对空搜索雷达"
"D125","AN/SPQ-9B追踪雷达"
"D126","AN/SPS-48E 3D对空搜索雷达"
"D126","AN/SPQ-9B追踪雷达"
"D127","AN/SPS-48E 3D对空搜索雷达"
"D127","AN/SPS-64平面搜索雷达"
"D127","AN/SPS-73平面搜索雷达"
"D127","AN/SPQ-9B追踪雷达"
"D128","AN/SPS-48E 3D对空搜索雷达"
"D128","AN/SPS-64平面搜索雷达"
"D128","AN/SPS-73平面搜索雷达"
"D128","AN/SPQ-9B追踪雷达"
"D129","AN/SPS-48E 3D对空搜索雷达"
"D129","AN/SPS-64平面搜索雷达"
"D129","AN/SPS-73平面搜索雷达"
"D129","AN/SPQ-9B追踪雷达"
"D130","AN/SPS-48E 3D对空搜索雷达"
"D130","AN/SPS-64平面搜索雷达"
"D130","AN/SPS-73平面搜索雷达"
"D130","AN/SPQ-9B追踪雷达"
"D131","AN/SPS-48E 3D对空搜索雷达"
"D131","AN/SPS-64平面搜索雷达"
"D131","AN/SPS-73平面搜索雷达"
"D131","AN/SPQ-9B追踪雷达"
"D132","AN/SPS-48E 3D对空搜索雷达"
"D132","AN/SPS-64平面搜索雷达"
"D132","AN/SPS-73平面搜索雷达"
"D132","AN/SPQ-9B追踪雷达"
"D133","AN/SPS-48E 3D对空搜索雷达"
"D133","AN/SPS-64平面搜索雷达"
"D133","AN/SPS-73平面搜索雷达"
"D133","AN/SPQ-9B追踪雷达"
"D134","AN/SPS-48E 3D对空搜索雷达"
"D134","AN/SPS-64平面搜索雷达"
"D134","AN/SPS-73平面搜索雷达"
"D134","AN/SPQ-9B追踪雷达"
"D135","AN/SPS-48E 3D对空搜索雷达"
"D135","AN/SPS-64(V)9 导航雷达"
"D135","AN/SPS-73平面搜索雷达"
"D135","AN/SPQ-9B追踪雷达"
"D135","AN/UQN-4A 声纳探测系统"
"D135","AN/WQN-2多普勒声波测速系统"
"D135","MK-91射控雷达"
"D136","AN/SPS-48E 3D对空搜索雷达"
"D136","AN/SPS-64(V)9 导航雷达"
"D136","AN/SPS-73平面搜索雷达"
"D136","AN/SPQ-9B追踪雷达"
"D136","AN/UQN-4A 声纳探测系统"
"D136","AN/WQN-2多普勒声波测速系统"
"D136","MK-91射控雷达"
"D137","AN/SPS-48E 3D对空搜索雷达"
"D137","AN/SPS-64(V)9 导航雷达"
"D137","AN/SPS-73平面搜索雷达"
"D137","AN/SPQ-9B追踪雷达"
"D137","AN/UQN-4A 声纳探测系统"
"D137","AN/WQN-2多普勒声波测速系统"
"D137","MK-91射控雷达"
"D138","AN/SPS-48E 3D对空搜索雷达"
"D138","AN/SPS-64(V)9 导航雷达"
"D138","AN/SPS-73平面搜索雷达"
"D138","AN/SPQ-9B追踪雷达"
"D138","AN/UQN-4A 声纳探测系统"
"D138","AN/WQN-2多普勒声波测速系统"
"D138","MK-91射控雷达"
"D139","AN/SPS-48E 3D对空搜索雷达"
"D139","AN/SPS-64(V)9 导航雷达"
"D139","AN/SPS-73平面搜索雷达"
"D139","AN/SPQ-9B追踪雷达"
"D139","AN/UQN-4A 声纳探测系统"
"D139","AN/WQN-2多普勒声波测速系统"
"D139","MK-91射控雷达"
"D140","AN/SPS-48E 3D对空搜索雷达"
"D140","AN/SPS-64(V)9 导航雷达"
"D140","AN/SPS-73平面搜索雷达"
"D140","AN/SPQ-9B追踪雷达"
"D140","AN/UQN-4A 声纳探测系统"
"D140","AN/WQN-2多普勒声波测速系统"
"D140","MK-91射控雷达"
"D141","AN/SPS-48E 3D对空搜索雷达"
"D141","AN/SPS-64(V)9 导航雷达"
"D141","AN/SPS-73平面搜索雷达"
"D141","AN/SPQ-9B追踪雷达"
"D141","AN/UQN-4A 声纳探测系统"
"D141","AN/WQN-2多普勒声波测速系统"
"D141","MK-91射控雷达"
"D142","AN/SPS-48E 3D对空搜索雷达"
"D142","AN/SPS-64(V)9 导航雷达"
"D142","AN/SPS-73平面搜索雷达"
"D142","AN/SPQ-9B追踪雷达"
"D142","AN/UQN-4A 声纳探测系统"
"D142","AN/WQN-2多普勒声波测速系统"
"D142","MK-91射控雷达"
"D143","AN/SPS-48E 3D对空搜索雷达"
"D143","AN/SPS-64(V)9 导航雷达"
"D143","AN/SPS-73平面搜索雷达"
"D143","AN/SPQ-9B追踪雷达"
"D143","AN/UQN-4A 声纳探测系统"
"D143","AN/WQN-2多普勒声波测速系统"
"D143","MK-91射控雷达"
"D144","AN/SPS-48E 3D对空搜索雷达"
"D144","AN/SPS-64(V)9 导航雷达"
"D144","AN/SPS-73平面搜索雷达"
"D144","AN/SPQ-9B追踪雷达"
"D144","AN/UQN-4A 声纳探测系统"
"D144","AN/WQN-2多普勒声波测速系统"
"D144","MK-91射控雷达"
"D145","AN/SPS-48E 3D对空搜索雷达"
"D145","AN/SPS-64(V)9 导航雷达"
"D145","AN/SPS-73平面搜索雷达"
"D145","AN/SPQ-9B追踪雷达"
"D145","AN/UQN-4A 声纳探测系统"
"D145","AN/WQN-2多普勒声波测速系统"
"D145","MK-91射控雷达"
"D146","SPS-49（Ⅴ）5型对空搜索雷达"
"D146","SPS-67（Ⅴ）型对海搜索雷达"
"D146","UPX-29型敌我识别雷达"
"D147","SPS-49（Ⅴ）5型对空搜索雷达"
"D147","SPS-67（Ⅴ）型对海搜索雷达"
"D147","UPX-29型敌我识别雷达"
"D148","SPS-49（Ⅴ）5型对空搜索雷达"
"D148","SPS-67（Ⅴ）型对海搜索雷达"
"D148","UPX-29型敌我识别雷达"
"D149","SPS-49（Ⅴ）5型对空搜索雷达"
"D149","SPS-67（Ⅴ）型对海搜索雷达"
"D149","UPX-29型敌我识别雷达"
"D150","SPS-49（Ⅴ）5型对空搜索雷达"
"D150","SPS-67（Ⅴ）型对海搜索雷达"
"D150","UPX-29型敌我识别雷达"
"D151","SPS-49（Ⅴ）5型对空搜索雷达"
"D151","SPS-67（Ⅴ）型对海搜索雷达"
"D151","UPX-29型敌我识别雷达"
"D152","SPS-49（Ⅴ）5型对空搜索雷达"
"D152","SPS-67（Ⅴ）型对海搜索雷达"
"D152","UPX-29型敌我识别雷达"
"D153","SPS-49（Ⅴ）5型对空搜索雷达"
"D153","SPS-67（Ⅴ）型对海搜索雷达"
"D153","UPX-29型敌我识别雷达"
"D154","SPS-49（Ⅴ）5型对空搜索雷达"
"D154","SPS-67（Ⅴ）型对海搜索雷达"
"D154","UPX-29型敌我识别雷达"
"D155","SPS-49（Ⅴ）5型对空搜索雷达"
"D155","SPS-67（Ⅴ）型对海搜索雷达"
"D155","UPX-29型敌我识别雷达"
"D156","SPS-49（Ⅴ）5型对空搜索雷达"
"D156","SPS-67（Ⅴ）型对海搜索雷达"
"D156","UPX-29型敌我识别雷达"
"D157","SPS-49（Ⅴ）5型对空搜索雷达"
"D157","SPS-67（Ⅴ）型对海搜索雷达"
"D157","UPX-29型敌我识别雷达"
"D158","AN/BPS-15平面搜索雷达"
"D158","BQS-13球形被动测距声纳"
"D158","BQR-25舰首等角被动阵列声纳"
"D158","TB-16被动拖曳阵列声纳"
"D158","AN/BQR-19航行声纳"
"D159","AN/BPS-15平面搜索雷达"
"D159","BQS-13球形被动测距声纳"
"D159","BQR-25舰首等角被动阵列声纳"
"D159","TB-16被动拖曳阵列声纳"
"D159","AN/BQR-19航行声纳"
"D160","AN/BPS-15平面搜索雷达"
"D160","BQS-13球形被动测距声纳"
"D160","BQR-25舰首等角被动阵列声纳"
"D160","TB-16被动拖曳阵列声纳"
"D160","AN/BQR-19航行声纳"
"D161","AN/BPS-15平面搜索雷达"
"D161","BQS-13球形被动测距声纳"
"D161","BQR-25舰首等角被动阵列声纳"
"D161","TB-16被动拖曳阵列声纳"
"D161","AN/BQR-19航行声纳"
"D162","AN/BPS-15平面搜索雷达"
"D162","BQS-13球形被动测距声纳"
"D162","BQR-25舰首等角被动阵列声纳"
"D162","TB-16被动拖曳阵列声纳"
"D162","AN/BQR-19航行声纳"
"D163","AN/BPS-15平面搜索雷达"
"D163","BQS-13球形被动测距声纳"
"D163","BQR-25舰首等角被动阵列声纳"
"D163","TB-16被动拖曳阵列声纳"
"D163","AN/BQR-19航行声纳"
"D164","AN/BPS-15平面搜索雷达"
"D164","BQS-13球形被动测距声纳"
"D164","BQR-25舰首等角被动阵列声纳"
"D164","TB-16被动拖曳阵列声纳"
"D164","AN/BQR-19航行声纳"
"D165","AN/BPS-15平面搜索雷达"
"D165","BQS-13球形被动测距声纳"
"D165","BQR-25舰首等角被动阵列声纳"
"D165","TB-16被动拖曳阵列声纳"
"D165","AN/BQR-19航行声纳"
"D166","AN/BPS-15平面搜索雷达"
"D166","BQS-13球形被动测距声纳"
"D166","BQR-25舰首等角被动阵列声纳"
"D166","TB-16被动拖曳阵列声纳"
"D166","AN/BQR-19航行声纳"
"D167","AN/BPS-15平面搜索雷达"
"D167","BQS-13球形被动测距声纳"
"D167","BQR-25舰首等角被动阵列声纳"
"D167","TB-16被动拖曳阵列声纳"
"D167","AN/BQR-19航行声纳"
"D168","AN/BPS-15平面搜索雷达"
"D168","BQS-13球形被动测距声纳"
"D168","BQR-25舰首等角被动阵列声纳"
"D168","TB-16被动拖曳阵列声纳"
"D168","AN/BQR-19航行声纳"
"D169","AN/BPS-15平面搜索雷达"
"D169","BQS-13球形被动测距声纳"
"D169","BQR-25舰首等角被动阵列声纳"
"D169","TB-16被动拖曳阵列声纳"
"D169","AN/BQR-19航行声纳"
"D170","AN/BPS-15平面搜索雷达"
"D170","BQS-13球形被动测距声纳"
"D170","BQR-25舰首等角被动阵列声纳"
"D170","TB-16被动拖曳阵列声纳"
"D170","AN/BQR-19航行声纳"
"D171","AN/BPS-15平面搜索雷达"
"D171","BQS-13球形被动测距声纳"
"D171","BQR-25舰首等角被动阵列声纳"
"D171","TB-16被动拖曳阵列声纳"
"D171","AN/BQR-19航行声纳"
"D172","AN/BPS-15平面搜索雷达"
"D172","BQS-13球形被动测距声纳"
"D172","BQR-25舰首等角被动阵列声纳"
"D172","TB-16被动拖曳阵列声纳"
"D172","AN/BQR-19航行声纳"
"D173","AN/BPS-15平面搜索雷达"
"D173","BQS-13球形被动测距声纳"
"D173","BQR-25舰首等角被动阵列声纳"
"D173","TB-16被动拖曳阵列声纳"
"D173","AN/BQR-19航行声纳"
"D174","AN/BPS-15平面搜索雷达"
"D174","BQS-13球形被动测距声纳"
"D174","BQR-25舰首等角被动阵列声纳"
"D174","TB-16被动拖曳阵列声纳"
"D174","AN/BQR-19航行声纳"
"D175","AN/BPS-15平面搜索雷达"
"D175","BQS-13球形被动测距声纳"
"D175","BQR-25舰首等角被动阵列声纳"
"D175","TB-16被动拖曳阵列声纳"
"D175","AN/BQR-19航行声纳"
"D176","AN/BPS-16 I频平面搜索雷达"
"D176","AN/BQQ-5D/E声纳系统"
"D176","BQS-24近距离高频主动声纳"
"D177","AN/BPS-16 I频平面搜索雷达"
"D177","AN/BQQ-5D/E声纳系统"
"D177","BQS-24近距离高频主动声纳"
"D178","AN/BPS-16 I频平面搜索雷达"
"D178","AN/BQQ-5D/E声纳系统"
"D178","BQS-24近距离高频主动声纳"
"D179","AN/BQQ-5型综合声呐系统"
"D179","WLR-1H型侦察雷达"
"D179","WLR-10X型警戒雷达"
"D180","AN/BQQ-5型综合声呐系统"
"D180","WLR-1H型侦察雷达"
"D180","WLR-10X型警戒雷达"
"D181","AN/BQQ-5型综合声呐系统"
"D181","WLR-1H型侦察雷达"
"D181","WLR-10X型警戒雷达"
"D182","AN/BQQ-5型综合声呐系统"
"D182","WLR-1H型侦察雷达"
"D182","WLR-10X型警戒雷达"
"D183","AN/BQQ-5型综合声呐系统"
"D183","WLR-1H型侦察雷达"
"D183","WLR-10X型警戒雷达"
"D184","AN/BQQ-5型综合声呐系统"
"D184","WLR-1H型侦察雷达"
"D184","WLR-10X型警戒雷达"
"D185","AN/BQQ-5型综合声呐系统"
"D185","WLR-1H型侦察雷达"
"D185","WLR-10X型警戒雷达"
"D186","AN/BQQ-5型综合声呐系统"
"D186","WLR-1H型侦察雷达"
"D186","WLR-10X型警戒雷达"
"D187","AN/BQQ-5型综合声呐系统"
"D187","WLR-1H型侦察雷达"
"D187","WLR-10X型警戒雷达"
"D188","AN/BQQ-5型综合声呐系统"
"D188","WLR-1H型侦察雷达"
"D188","WLR-10X型警戒雷达"
"D189","AN/BQQ-5型综合声呐系统"
"D189","WLR-1H型侦察雷达"
"D189","WLR-10X型警戒雷达"
"D190","AN/BQQ-5型综合声呐系统"
"D190","WLR-1H型侦察雷达"
"D190","WLR-10X型警戒雷达"
"D191","AN/BQQ-5型综合声呐系统"
"D191","WLR-1H型侦察雷达"
"D191","WLR-10X型警戒雷达"
"D192","AN/BQQ-5型综合声呐系统"
"D192","WLR-1H型侦察雷达"
"D192","WLR-10X型警戒雷达"
"D193","AN/BQQ-5型综合声呐系统"
"D193","WLR-1H型侦察雷达"
"D193","WLR-10X型警戒雷达"
"D194","AN/BQQ-5型综合声呐系统"
"D194","WLR-1H型侦察雷达"
"D194","WLR-10X型警戒雷达"
"D195","AN/BQQ-5型综合声呐系统"
"D195","WLR-1H型侦察雷达"
"D195","WLR-10X型警戒雷达"
"D196","AN/BQQ-5型综合声呐系统"
"D196","WLR-1H型侦察雷达"
"D196","WLR-10X型警戒雷达"
"D197","AN/BQQ-5型综合声呐系统"
"D197","WLR-1H型侦察雷达"
"D197","WLR-10X型警戒雷达"
"D198","AN/BQQ-5型综合声呐系统"
"D198","WLR-1H型侦察雷达"
"D198","WLR-10X型警戒雷达"
"D199","AN/BQQ-5型综合声呐系统"
"D199","WLR-1H型侦察雷达"
"D199","WLR-10X型警戒雷达"
"D200","AN/BQQ-5型综合声呐系统"
"D200","WLR-1H型侦察雷达"
"D200","WLR-10X型警戒雷达"
"D201","AN/BQQ-5型综合声呐系统"
"D201","WLR-1H型侦察雷达"
"D201","WLR-10X型警戒雷达"
"D202","AN/BQQ-5型综合声呐系统"
"D202","WLR-1H型侦察雷达"
"D202","WLR-10X型警戒雷达"
"D203","AN/BQQ-5型综合声呐系统"
"D203","WLR-1H型侦察雷达"
"D203","WLR-10X型警戒雷达"
"D204","AN/BQQ-5型综合声呐系统"
"D204","WLR-1H型侦察雷达"
"D204","WLR-10X型警戒雷达"
"D205","AN/BQQ-5型综合声呐系统"
"D205","WLR-1H型侦察雷达"
"D205","WLR-10X型警戒雷达"
"D206","AN/BQQ-5型综合声呐系统"
"D206","WLR-1H型侦察雷达"
"D206","WLR-10X型警戒雷达"
"D207","AN/BQQ-5型综合声呐系统"
"D207","WLR-1H型侦察雷达"
"D207","WLR-10X型警戒雷达"
"D208","AN/BQQ-5型综合声呐系统"
"D208","WLR-1H型侦察雷达"
"D208","WLR-10X型警戒雷达"
"D209","AN/BQQ-5型综合声呐系统"
"D209","WLR-1H型侦察雷达"
"D209","WLR-10X型警戒雷达"
"D210","AN/BQQ-5型综合声呐系统"
"D210","WLR-1H型侦察雷达"
"D210","WLR-10X型警戒雷达"
"D211","AN/BQQ-5型综合声呐系统"
"D211","WLR-1H型侦察雷达"
"D211","WLR-10X型警戒雷达"
"D212","AN/BQQ-5型综合声呐系统"
"D212","WLR-1H型侦察雷达"
"D212","WLR-10X型警戒雷达"
"D213","AN/BQQ-5型综合声呐系统"
"D213","WLR-1H型侦察雷达"
"D213","WLR-10X型警戒雷达"
"D214","AN/BQQ-5型综合声呐系统"
"D214","WLR-1H型侦察雷达"
"D214","WLR-10X型警戒雷达"
"D215","AN/BQQ-5型综合声呐系统"
"D215","WLR-1H型侦察雷达"
"D215","WLR-10X型警戒雷达"
"D216","AN/BQQ-5型综合声呐系统"
"D216","WLR-1H型侦察雷达"
"D216","WLR-10X型警戒雷达"
"D217","AN/BQQ-5型综合声呐系统"
"D217","WLR-1H型侦察雷达"
"D217","WLR-10X型警戒雷达"
"D218","AN/BQQ-5型综合声呐系统"
"D218","WLR-1H型侦察雷达"
"D218","WLR-10X型警戒雷达"
"D219","AN/BQQ-10型整合式声呐系统"
"D220","AN/BQQ-10型整合式声呐系统"
"D221","AN/BQQ-10型整合式声呐系统"
"D222","AN/BQQ-10型整合式声呐系统"
"D223","AN/BQQ-10型整合式声呐系统"
"D224","AN/BQQ-10型整合式声呐系统"
"D225","AN/BQQ-10型整合式声呐系统"
"D226","AN/BQQ-10型整合式声呐系统"
"D227","AN/BQQ-10型整合式声呐系统"
"D228","AN/BQQ-10型整合式声呐系统"
"D229","AN/BQQ-10型整合式声呐系统"
"D230","AN/BQQ-10型整合式声呐系统"
"D231","AN/BQQ-10型整合式声呐系统"
"D232","AN/BQQ-10型整合式声呐系统"
"D233","AN/BQQ-10型整合式声呐系统"
"D234","AN/BQQ-10型整合式声呐系统"
"E1","AN/SLQ-32（V）3电子战系统"
"E2","AN/SLQ-32（V）3电子战系统"
"E3","AN/SLQ-32（V）3电子战系统"
"E4","AN/SLQ-32（V）3电子战系统"
"E5","AN/SLQ-32（V）3电子战系统"
"E6","AN/SLQ-32（V）3电子战系统"
"E7","AN/SLQ-32（V）3电子战系统"
"E8","AN/SLQ-32（V）3电子战系统"
"E9","AN/SLQ-32（V）3电子战系统"
"E10","AN/SLQ-32（V）3电子战系统"
"E11","AN/SLQ-32（V）3电子战系统"
"E12","AN/SLQ-32（V）3电子战系统"
"E13","AN/SLQ-32（V）3电子战系统"
"E14","AN/SLQ-32（V）3电子战系统"
"E15","AN/SLQ-32（V）3电子战系统"
"E16","AN/SLQ-32（V）3电子战系统"
"E17","AN/SLQ-32（V）3电子战系统"
"E18","AN/SLQ-32（V）3电子战系统"
"E19","AN/SLQ-32（V）3电子战系统"
"E20","AN/SLQ-32（V）3电子战系统"
"E21","AN/SLQ-32（V）3电子战系统"
"E22","AN/SLQ-32（V）3电子战系统"
"E23","AN/SLQ-32（V）4电子战系统"
"E23","AN/WLR-1H 电子战系统"
"E24","AN/SLQ-32（V）4电子战系统"
"E24","AN/WLR-1H 电子战系统"
"E25","AN/SLQ-32（V）4电子战系统"
"E25","AN/WLR-1H 电子战系统"
"E26","AN/SLQ-32（V）4电子战系统"
"E26","AN/WLR-1H 电子战系统"
"E27","AN/SLQ-32（V）4电子战系统"
"E27","AN/WLR-1H 电子战系统"
"E28","AN/SLQ-32（V）4电子战系统"
"E28","AN/WLR-1H 电子战系统"
"E29","AN/SLQ-32（V）4电子战系统"
"E29","AN/WLR-1H 电子战系统"
"E30","AN/SLQ-32（V）4电子战系统"
"E30","AN/WLR-1H 电子战系统"
"E31","AN/SLQ-32（V）4电子战系统"
"E31","AN/WLR-1H 电子战系统"
"E32","AN/SLQ-32（V）4电子战系统"
"E32","AN/WLR-1H 电子战系统"
"E35","AN/SLQ-32（V）3电子战系统"
"E39","AN/SLQ-32（V）3电子战系统"
"E40","AN/SLQ-32（V）3电子战系统"
"E41","AN/SLQ-32（V）3电子战系统"
"E42","AN/SLQ-32（V）3电子战系统"
"E43","AN/SLQ-32（V）3电子战系统"
"E44","AN/SLQ-32（V）3电子战系统"
"E45","AN/SLQ-32（V）3电子战系统"
"E46","AN/SLQ-32（V）3电子战系统"
"E47","AN/SLQ-32（V）3电子战系统"
"E48","AN/SLQ-32（V）3电子战系统"
"E49","AN/SLQ-32（V）3电子战系统"
"E50","AN/SLQ-32（V）3电子战系统"
"E51","AN/SLQ-32（V）3电子战系统"
"E52","AN/SLQ-32（V）3电子战系统"
"E53","AN/SLQ-32（V）3电子战系统"
"E54","AN/SLQ-32（V）3电子战系统"
"E55","AN/SLQ-32（V）3电子战系统"
"E56","AN/SLQ-32（V）3电子战系统"
"E57","AN/SLQ-32（V）3电子战系统"
"E58","AN/SLQ-32（V）3电子战系统"
"E59","AN/SLQ-32（V）3电子战系统"
"E60","AN/SLQ-32（V）3电子战系统"
"E61","AN/SLQ-32（V）3电子战系统"
"E62","AN/SLQ-32（V）3电子战系统"
"E63","AN/SLQ-32（V）3电子战系统"
"E64","AN/SLQ-32（V）3电子战系统"
"E65","AN/SLQ-32（V）3电子战系统"
"E66","AN/SLQ-32（V）3电子战系统"
"E67","AN/SLQ-32（V）3电子战系统"
"E68","AN/SLQ-32（V）3电子战系统"
"E69","AN/SLQ-32（V）3电子战系统"
"E70","AN/SLQ-32（V）3电子战系统"
"E71","AN/SLQ-32（V）3电子战系统"
"E72","AN/SLQ-32（V）3电子战系统"
"E73","AN/SLQ-32（V）3电子战系统"
"E74","AN/SLQ-32（V）3电子战系统"
"E75","AN/SLQ-32（V）3电子战系统"
"E76","AN/SLQ-32（V）3电子战系统"
"E77","AN/SLQ-32（V）3电子战系统"
"E78","AN/SLQ-32（V）3电子战系统"
"E79","AN/SLQ-32（V）3电子战系统"
"E80","AN/SLQ-32（V）3电子战系统"
"E81","AN/SLQ-32（V）3电子战系统"
"E82","AN/SLQ-32（V）3电子战系统"
"E83","AN/SLQ-32（V）3电子战系统"
"E84","AN/SLQ-32（V）3电子战系统"
"E85","AN/SLQ-32（V）3电子战系统"
"E86","AN/SLQ-32（V）3电子战系统"
"E87","AN/SLQ-32（V）3电子战系统"
"E88","AN/SLQ-32（V）3电子战系统"
"E89","AN/SLQ-32（V）3电子战系统"
"E90","AN/SLQ-32（V）3电子战系统"
"E91","AN/SLQ-32（V）3电子战系统"
"E92","AN/SLQ-32（V）3电子战系统"
"E93","AN/SLQ-32（V）3电子战系统"
"E94","AN/SLQ-32（V）3电子战系统"
"E95","AN/SLQ-32（V）3电子战系统"
"E96","AN/SLQ-32（V）3电子战系统"
"E97","AN/SLQ-32（V）3电子战系统"
"E98","AN/SLQ-32（V）3电子战系统"
"E99","AN/SLQ-32（V）3电子战系统"
"E100","AN/SLQ-32（V）3电子战系统"
"E101","AN/SLQ-32（V）3电子战系统"
"E102","AN/SLQ-32（V）3电子战系统"
"E103","AN/SLQ-32（V）3电子战系统"
"E104","AN/SLQ-32（V）3电子战系统"
"E105","WBR-2000电子对抗系统"
"E107","WBR-2000电子对抗系统"
"E109","WBR-2000电子对抗系统"
"E111","WBR-2000电子对抗系统"
"E113","WBR-2000电子对抗系统"
"E118","WBR-2000电子对抗系统"
"E120","WBR-2000电子对抗系统"
"E122","WBR-2000电子对抗系统"
"E124","WBR-2000电子对抗系统"
"E125","AN/SLQ-32B（V）2电子战系统"
"E126","AN/SLQ-32B（V）2电子战系统"
"E127","AN/SLQ-32型电子战系统"
"E128","AN/SLQ-32型电子战系统"
"E129","AN/SLQ-32型电子战系统"
"E130","AN/SLQ-32型电子战系统"
"E131","AN/SLQ-32型电子战系统"
"E132","AN/SLQ-32型电子战系统"
"E133","AN/SLQ-32型电子战系统"
"E134","AN/SLQ-32型电子战系统"
"E135","AN/SLQ-32（V）2电子战系统"
"E136","AN/SLQ-32（V）2电子战系统"
"E137","AN/SLQ-32（V）2电子战系统"
"E138","AN/SLQ-32（V）2电子战系统"
"E139","AN/SLQ-32（V）2电子战系统"
"E140","AN/SLQ-32（V）2电子战系统"
"E141","AN/SLQ-32（V）2电子战系统"
"E142","AN/SLQ-32（V）2电子战系统"
"E143","AN/SLQ-32（V）2电子战系统"
"E144","AN/SLQ-32（V）2电子战系统"
"E145","AN/SLQ-32（V）2电子战系统"
"E146","AN/SLQ-32（V）1电子战系统"
"E147","AN/SLQ-32（V）1电子战系统"
"E148","AN/SLQ-32（V）1电子战系统"
"E149","AN/SLQ-32（V）1电子战系统"
"E150","AN/SLQ-32（V）1电子战系统"
"E151","AN/SLQ-32（V）1电子战系统"
"E152","AN/SLQ-32（V）1电子战系统"
"E153","AN/SLQ-32（V）1电子战系统"
"E154","AN/SLQ-32（V）1电子战系统"
"E155","AN/SLQ-32（V）1电子战系统"
"E156","AN/SLQ-32（V）1电子战系统"
"E157","AN/SLQ-32（V）1电子战系统"
"P1","SH-60B反潜直升机"
"P2","SH-60B反潜直升机"
"P3","SH-60B反潜直升机"
"P4","SH-60B反潜直升机"
"P5","SH-60B反潜直升机"
"P6","SH-60B反潜直升机"
"P7","SH-60B反潜直升机"
"P8","SH-60B反潜直升机"
"P9","SH-60B反潜直升机"
"P10","SH-60B反潜直升机"
"P11","SH-60B反潜直升机"
"P12","SH-60B反潜直升机"
"P13","SH-60B反潜直升机"
"P14","SH-60B反潜直升机"
"P15","SH-60B反潜直升机"
"P16","SH-60B反潜直升机"
"P17","SH-60B反潜直升机"
"P18","SH-60B反潜直升机"
"P19","SH-60B反潜直升机"
"P20","SH-60B反潜直升机"
"P21","SH-60B反潜直升机"
"P22","SH-60B反潜直升机"
"P23","F/A-18E/F战斗机"
"P23","EA-18G电子战机"
"P23","E-2D预警机"
"P23","MH-60直升机"
"P23","C-2A运输机"
"P24","F/A-18E/F战斗机"
"P24","EA-18G电子战机"
"P24","E-2D预警机"
"P24","MH-60直升机"
"P24","C-2A运输机"
"P25","F/A-18E/F战斗机"
"P25","EA-18G电子战机"
"P25","E-2D预警机"
"P25","MH-60直升机"
"P25","C-2A运输机"
"P26","F/A-18E/F战斗机"
"P26","EA-18G电子战机"
"P26","E-2D预警机"
"P26","MH-60直升机"
"P26","C-2A运输机"
"P27","F/A-18E/F战斗机"
"P27","EA-18G电子战机"
"P27","E-2D预警机"
"P27","MH-60直升机"
"P27","C-2A运输机"
"P28","F/A-18E/F战斗机"
"P28","EA-18G电子战机"
"P28","E-2D预警机"
"P28","MH-60直升机"
"P28","C-2A运输机"
"P29","F/A-18E/F战斗机"
"P29","EA-18G电子战机"
"P29","E-2D预警机"
"P29","MH-60直升机"
"P29","C-2A运输机"
"P30","F/A-18E/F战斗机"
"P30","EA-18G电子战机"
"P30","E-2D预警机"
"P30","MH-60直升机"
"P30","C-2A运输机"
"P31","F/A-18E/F战斗机"
"P31","EA-18G电子战机"
"P31","E-2D预警机"
"P31","MH-60直升机"
"P31","C-2A运输机"
"P32","F/A-18E/F战斗机"
"P32","EA-18G电子战机"
"P32","E-2D预警机"
"P32","MH-60直升机"
"P32","C-2A运输机"
"P33","F/A-18E/F战斗机"
"P33","EA-18G电子战机"
"P33","E-2D预警机"
"P33","MH-60直升机"
"P33","C-2A运输机"
"P33","F-35C战斗机"
"P34","F/A-18E/F战斗机"
"P34","EA-18G电子战机"
"P34","E-2D预警机"
"P34","MH-60直升机"
"P34","C-2A运输机"
"P34","F-35C战斗机"
"P35","SH-60B反潜直升机"
"P36","MH-60R反潜直升机"
"P37","MH-60R反潜直升机"
"P38","MH-60R反潜直升机"
"P39","SH-60B反潜直升机"
"P40","SH-60B反潜直升机"
"P41","SH-60B反潜直升机"
"P42","SH-60B反潜直升机"
"P43","SH-60B反潜直升机"
"P44","SH-60B反潜直升机"
"P45","SH-60B反潜直升机"
"P46","SH-60B反潜直升机"
"P47","SH-60B反潜直升机"
"P48","SH-60B反潜直升机"
"P49","SH-60B反潜直升机"
"P50","SH-60B反潜直升机"
"P51","SH-60B反潜直升机"
"P52","SH-60B反潜直升机"
"P53","SH-60B反潜直升机"
"P54","SH-60B反潜直升机"
"P55","SH-60B反潜直升机"
"P56","SH-60B反潜直升机"
"P57","SH-60B反潜直升机"
"P58","SH-60B反潜直升机"
"P59","SH-60B反潜直升机"
"P60","SH-60B反潜直升机"
"P61","SH-60B反潜直升机"
"P62","SH-60B反潜直升机"
"P63","SH-60B反潜直升机"
"P64","SH-60B反潜直升机"
"P65","SH-60B反潜直升机"
"P66","SH-60B反潜直升机"
"P67","SH-60B反潜直升机"
"P68","SH-60B反潜直升机"
"P69","SH-60B反潜直升机"
"P70","SH-60B反潜直升机"
"P71","SH-60B反潜直升机"
"P72","SH-60B反潜直升机"
"P73","SH-60B反潜直升机"
"P74","SH-60B反潜直升机"
"P75","SH-60B反潜直升机"
"P76","SH-60B反潜直升机"
"P77","SH-60B反潜直升机"
"P78","SH-60B反潜直升机"
"P79","SH-60B反潜直升机"
"P80","SH-60B反潜直升机"
"P81","SH-60B反潜直升机"
"P82","SH-60B反潜直升机"
"P83","SH-60B反潜直升机"
"P84","SH-60B反潜直升机"
"P85","SH-60B反潜直升机"
"P86","SH-60B反潜直升机"
"P87","SH-60B反潜直升机"
"P88","SH-60B反潜直升机"
"P89","SH-60B反潜直升机"
"P90","SH-60B反潜直升机"
"P91","SH-60B反潜直升机"
"P92","SH-60B反潜直升机"
"P93","SH-60B反潜直升机"
"P94","SH-60B反潜直升机"
"P95","SH-60B反潜直升机"
"P96","SH-60B反潜直升机"
"P97","SH-60B反潜直升机"
"P98","SH-60B反潜直升机"
"P99","SH-60B反潜直升机"
"P100","SH-60B反潜直升机"
"P101","SH-60B反潜直升机"
"P102","SH-60B反潜直升机"
"P103","SH-60B反潜直升机"
"P104","SH-60B反潜直升机"
"P105","MH-60R反潜直升机"
"P105","MH-60S直升机"
"P105","MQ-8火力侦察兵无人机"
"P105","“斯巴达”无人驾驶水面航行器"
"P106","MH-60R反潜直升机"
"P106","MH-60S直升机"
"P106","MQ-8火力侦察兵无人机"
"P106","“翠鸟II”型武装无人机"
"P107","MH-60R反潜直升机"
"P107","MH-60S直升机"
"P107","MQ-8火力侦察兵无人机"
"P107","“斯巴达”无人驾驶水面航行器"
"P108","MH-60R反潜直升机"
"P108","MH-60S直升机"
"P108","MQ-8火力侦察兵无人机"
"P108","“翠鸟II”型武装无人机"
"P109","MH-60R反潜直升机"
"P109","MH-60S直升机"
"P109","MQ-8火力侦察兵无人机"
"P109","“斯巴达”无人驾驶水面航行器"
"P110","MH-60R反潜直升机"
"P110","MH-60S直升机"
"P110","MQ-8火力侦察兵无人机"
"P110","“翠鸟II”型武装无人机"
"P111","MH-60R反潜直升机"
"P111","MH-60S直升机"
"P111","MQ-8火力侦察兵无人机"
"P111","“斯巴达”无人驾驶水面航行器"
"P112","MH-60R反潜直升机"
"P112","MH-60S直升机"
"P112","MQ-8火力侦察兵无人机"
"P112","“翠鸟II”型武装无人机"
"P113","MH-60R反潜直升机"
"P113","MH-60S直升机"
"P113","MQ-8火力侦察兵无人机"
"P113","“斯巴达”无人驾驶水面航行器"
"P114","MH-60R反潜直升机"
"P114","MH-60S直升机"
"P114","MQ-8火力侦察兵无人机"
"P114","“翠鸟II”型武装无人机"
"P115","MH-60R反潜直升机"
"P115","MH-60S直升机"
"P115","MQ-8火力侦察兵无人机"
"P115","“翠鸟II”型武装无人机"
"P116","MH-60R反潜直升机"
"P116","MH-60S直升机"
"P116","MQ-8火力侦察兵无人机"
"P116","“翠鸟II”型武装无人机"
"P117","MH-60R反潜直升机"
"P117","MH-60S直升机"
"P117","MQ-8火力侦察兵无人机"
"P117","“翠鸟II”型武装无人机"
"P118","MH-60R反潜直升机"
"P118","MH-60S直升机"
"P118","MQ-8火力侦察兵无人机"
"P118","“斯巴达”无人驾驶水面航行器"
"P119","MH-60R反潜直升机"
"P119","MH-60S直升机"
"P119","MQ-8火力侦察兵无人机"
"P119","“翠鸟II”型武装无人机"
"P120","MH-60R反潜直升机"
"P120","MH-60S直升机"
"P120","MQ-8火力侦察兵无人机"
"P120","“斯巴达”无人驾驶水面航行器"
"P121","MH-60R反潜直升机"
"P121","MH-60S直升机"
"P121","MQ-8火力侦察兵无人机"
"P121","“翠鸟II”型武装无人机"
"P122","MH-60R反潜直升机"
"P122","MH-60S直升机"
"P122","MQ-8火力侦察兵无人机"
"P122","“斯巴达”无人驾驶水面航行器"
"P123","MH-60R反潜直升机"
"P123","MH-60S直升机"
"P123","MQ-8火力侦察兵无人机"
"P123","“翠鸟II”型武装无人机"
"P124","MH-60R反潜直升机"
"P124","MH-60S直升机"
"P124","MQ-8火力侦察兵无人机"
"P124","“斯巴达”无人驾驶水面航行器"
"P125","F-35B战斗机"
"P125","鱼鹰运输机"
"P125","MH-53E直升机"
"P125","AH-1攻击直升机"
"P125","MH-60S直升机"
"P126","F-35B战斗机"
"P126","鱼鹰运输机"
"P126","MH-53E直升机"
"P126","AH-1攻击直升机"
"P126","MH-60S直升机"
"P127","CH-46运输直升机"
"P127","CH-53运输直升机"
"P127","AH-1W攻击直升机"
"P127","鱼鹰运输机"
"P127","AV-8B鹞式攻击机"
"P127","LVTP-7两栖突击载具"
"P127","LCAC气垫登陆艇"
"P127","LCU通用登陆艇"
"P128","CH-46运输直升机"
"P128","CH-53运输直升机"
"P128","AH-1W攻击直升机"
"P128","鱼鹰运输机"
"P128","AV-8B鹞式攻击机"
"P128","LVTP-7两栖突击载具"
"P128","LCAC气垫登陆艇"
"P128","LCU通用登陆艇"
"P129","CH-46运输直升机"
"P129","CH-53运输直升机"
"P129","AH-1W攻击直升机"
"P129","鱼鹰运输机"
"P129","AV-8B鹞式攻击机"
"P129","LVTP-7两栖突击载具"
"P129","LCAC气垫登陆艇"
"P129","LCU通用登陆艇"
"P130","CH-46运输直升机"
"P130","CH-53运输直升机"
"P130","AH-1W攻击直升机"
"P130","鱼鹰运输机"
"P130","AV-8B鹞式攻击机"
"P130","LVTP-7两栖突击载具"
"P130","LCAC气垫登陆艇"
"P130","LCU通用登陆艇"
"P131","CH-46运输直升机"
"P131","CH-53运输直升机"
"P131","AH-1W攻击直升机"
"P131","鱼鹰运输机"
"P131","AV-8B鹞式攻击机"
"P131","LVTP-7两栖突击载具"
"P131","LCAC气垫登陆艇"
"P131","LCU通用登陆艇"
"P132","CH-46运输直升机"
"P132","CH-53运输直升机"
"P132","AH-1W攻击直升机"
"P132","鱼鹰运输机"
"P132","AV-8B鹞式攻击机"
"P132","LVTP-7两栖突击载具"
"P132","LCAC气垫登陆艇"
"P132","LCU通用登陆艇"
"P133","CH-46运输直升机"
"P133","CH-53运输直升机"
"P133","AH-1W攻击直升机"
"P133","鱼鹰运输机"
"P133","AV-8B鹞式攻击机"
"P133","LVTP-7两栖突击载具"
"P133","LCAC气垫登陆艇"
"P133","LCU通用登陆艇"
"P134","CH-46运输直升机"
"P134","CH-53运输直升机"
"P134","AH-1W攻击直升机"
"P134","鱼鹰运输机"
"P134","AV-8B鹞式攻击机"
"P134","LVTP-7两栖突击载具"
"P134","LCAC气垫登陆艇"
"P134","LCU通用登陆艇"
"P135","CH-46运输直升机"
"P135","CH-53运输直升机"
"P135","UH-1多用途直升机"
"P135","AH-1武装直升机"
"P135","鱼鹰运输机"
"P135","LCAC气垫登陆艇"
"P135","AAAV两栖突击车"
"P136","CH-46运输直升机"
"P136","CH-53运输直升机"
"P136","UH-1多用途直升机"
"P136","AH-1武装直升机"
"P136","鱼鹰运输机"
"P136","LCAC气垫登陆艇"
"P136","AAAV两栖突击车"
"P137","CH-46运输直升机"
"P137","CH-53运输直升机"
"P137","UH-1多用途直升机"
"P137","AH-1武装直升机"
"P137","鱼鹰运输机"
"P137","LCAC气垫登陆艇"
"P137","AAAV两栖突击车"
"P138","CH-46运输直升机"
"P138","CH-53运输直升机"
"P138","UH-1多用途直升机"
"P138","AH-1武装直升机"
"P138","鱼鹰运输机"
"P138","LCAC气垫登陆艇"
"P138","AAAV两栖突击车"
"P139","CH-46运输直升机"
"P139","CH-53运输直升机"
"P139","UH-1多用途直升机"
"P139","AH-1武装直升机"
"P139","鱼鹰运输机"
"P139","LCAC气垫登陆艇"
"P139","AAAV两栖突击车"
"P140","CH-46运输直升机"
"P140","CH-53运输直升机"
"P140","UH-1多用途直升机"
"P140","AH-1武装直升机"
"P140","鱼鹰运输机"
"P140","LCAC气垫登陆艇"
"P140","AAAV两栖突击车"
"P141","CH-46运输直升机"
"P141","CH-53运输直升机"
"P141","UH-1多用途直升机"
"P141","AH-1武装直升机"
"P141","鱼鹰运输机"
"P141","LCAC气垫登陆艇"
"P141","AAAV两栖突击车"
"P142","CH-46运输直升机"
"P142","CH-53运输直升机"
"P142","UH-1多用途直升机"
"P142","AH-1武装直升机"
"P142","鱼鹰运输机"
"P142","LCAC气垫登陆艇"
"P142","AAAV两栖突击车"
"P143","CH-46运输直升机"
"P143","CH-53运输直升机"
"P143","UH-1多用途直升机"
"P143","AH-1武装直升机"
"P143","鱼鹰运输机"
"P143","LCAC气垫登陆艇"
"P143","AAAV两栖突击车"
"P144","CH-46运输直升机"
"P144","CH-53运输直升机"
"P144","UH-1多用途直升机"
"P144","AH-1武装直升机"
"P144","鱼鹰运输机"
"P144","LCAC气垫登陆艇"
"P144","AAAV两栖突击车"
"P145","CH-46运输直升机"
"P145","CH-53运输直升机"
"P145","UH-1多用途直升机"
"P145","AH-1武装直升机"
"P145","鱼鹰运输机"
"P145","LCAC气垫登陆艇"
"P145","AAAV两栖突击车"
"P146","CH-53D运输直升机"
"P146","LCAC气垫登陆艇"
"P146","LCM型螺旋桨推进的机动登陆艇"
"P147","CH-53D运输直升机"
"P147","LCAC气垫登陆艇"
"P147","LCM型螺旋桨推进的机动登陆艇"
"P148","CH-53D运输直升机"
"P148","LCAC气垫登陆艇"
"P148","LCM型螺旋桨推进的机动登陆艇"
"P149","CH-53D运输直升机"
"P149","LCAC气垫登陆艇"
"P149","LCM型螺旋桨推进的机动登陆艇"
"P150","CH-53D运输直升机"
"P150","LCAC气垫登陆艇"
"P150","LCM型螺旋桨推进的机动登陆艇"
"P151","CH-53D运输直升机"
"P151","LCAC气垫登陆艇"
"P151","LCM型螺旋桨推进的机动登陆艇"
"P152","CH-53D运输直升机"
"P152","LCAC气垫登陆艇"
"P152","LCM型螺旋桨推进的机动登陆艇"
"P153","CH-53D运输直升机"
"P153","LCAC气垫登陆艇"
"P153","LCM型螺旋桨推进的机动登陆艇"
"P154","CH-53运输直升机"
"P154","LCAC气垫登陆艇"
"P154","LCM-6型机械化登陆艇"
"P154","LCU通用登陆艇"
"P154","LVT两栖装甲输送车"
"P154","LCPL人员登陆艇"
"P155","CH-53运输直升机"
"P155","LCAC气垫登陆艇"
"P155","LCM-6型机械化登陆艇"
"P155","LCU通用登陆艇"
"P155","LVT两栖装甲输送车"
"P155","LCPL人员登陆艇"
"P156","CH-53运输直升机"
"P156","LCAC气垫登陆艇"
"P156","LCM-6型机械化登陆艇"
"P156","LCU通用登陆艇"
"P156","LVT两栖装甲输送车"
"P156","LCPL人员登陆艇"
"P157","CH-53运输直升机"
"P157","LCAC气垫登陆艇"
"P157","LCM-6型机械化登陆艇"
"P157","LCU通用登陆艇"
"P157","LVT两栖装甲输送车"
"P157","LCPL人员登陆艇"
