"邦克山号","CG52","MK45型127毫米舰炮","MK15 Block1A/B密集阵近程防御武器系统","标准SM2防空导弹","战斧巡航导弹","海麻雀舰空导弹","反潜导弹","鱼叉反舰导弹",""
"莫比尔湾号","CG53","MK45型127毫米舰炮","MK15 Block1A/B密集阵近程防御武器系统","标准SM2防空导弹","战斧巡航导弹","海麻雀舰空导弹","反潜导弹","鱼叉反舰导弹",""
"安提坦号","CG54","MK45型127毫米舰炮","MK15 Block1A/B密集阵近程防御武器系统","标准SM2防空导弹","战斧巡航导弹","海麻雀舰空导弹","反潜导弹","鱼叉反舰导弹",""
"莱特湾号","CG55","MK45型127毫米舰炮","MK15 Block1A/B密集阵近程防御武器系统","标准SM2防空导弹","战斧巡航导弹","海麻雀舰空导弹","反潜导弹","鱼叉反舰导弹",""
"圣哈辛托号","CG56","MK45型127毫米舰炮","MK15 Block1A/B密集阵近程防御武器系统","标准SM2防空导弹","战斧巡航导弹","海麻雀舰空导弹","反潜导弹","鱼叉反舰导弹",""
"张伯伦湖号","CG57","MK45型127毫米舰炮","MK15 Block1A/B密集阵近程防御武器系统","标准SM2防空导弹","战斧巡航导弹","海麻雀舰空导弹","反潜导弹","鱼叉反舰导弹",""
"菲律宾海号","CG58","MK45型127毫米舰炮","MK15 Block1A/B密集阵近程防御武器系统","标准SM2防空导弹","战斧巡航导弹","海麻雀舰空导弹","反潜导弹","鱼叉反舰导弹",""
"普林斯顿号","CG59","MK45型127毫米舰炮","MK15 Block1A/B密集阵近程防御武器系统","标准SM2防空导弹","战斧巡航导弹","海麻雀舰空导弹","反潜导弹","鱼叉反舰导弹",""
"诺曼底号","CG60","MK45型127毫米舰炮","MK15 Block1A/B密集阵近程防御武器系统","标准SM2防空导弹","战斧巡航导弹","海麻雀舰空导弹","反潜导弹","鱼叉反舰导弹",""
"蒙特里号","CG61","MK45型127毫米舰炮","MK15 Block1A/B密集阵近程防御武器系统","标准SM2防空导弹","战斧巡航导弹","海麻雀舰空导弹","反潜导弹","鱼叉反舰导弹",""
"切斯劳维尔号","CG62","MK45型127毫米舰炮","MK15 Block1A/B密集阵近程防御武器系统","标准SM2防空导弹","战斧巡航导弹","海麻雀舰空导弹","反潜导弹","鱼叉反舰导弹",""
"考彭斯号","CG63","MK45型127毫米舰炮","MK15 Block1A/B密集阵近程防御武器系统","标准SM2防空导弹","战斧巡航导弹","海麻雀舰空导弹","反潜导弹","鱼叉反舰导弹",""
"葛底斯堡号","CG64","MK45型127毫米舰炮","MK15 Block1A/B密集阵近程防御武器系统","标准SM2防空导弹","战斧巡航导弹","海麻雀舰空导弹","反潜导弹","鱼叉反舰导弹",""
"乔辛号","CG65","MK45型127毫米舰炮","MK15 Block1A/B密集阵近程防御武器系统","标准SM2防空导弹","战斧巡航导弹","海麻雀舰空导弹","反潜导弹","鱼叉反舰导弹",""
"顺化市号","CG66","MK45型127毫米舰炮","MK15 Block1A/B密集阵近程防御武器系统","标准SM2防空导弹","战斧巡航导弹","海麻雀舰空导弹","反潜导弹","鱼叉反舰导弹",""
"希洛号","CG67","MK45型127毫米舰炮","MK15 Block1A/B密集阵近程防御武器系统","标准SM2防空导弹","战斧巡航导弹","海麻雀舰空导弹","反潜导弹","鱼叉反舰导弹",""
"安齐奥号","CG68","MK45型127毫米舰炮","MK15 Block1A/B密集阵近程防御武器系统","标准SM2防空导弹","战斧巡航导弹","海麻雀舰空导弹","反潜导弹","鱼叉反舰导弹",""
"维克斯堡号","CG69","MK45型127毫米舰炮","MK15 Block1A/B密集阵近程防御武器系统","标准SM2防空导弹","战斧巡航导弹","海麻雀舰空导弹","反潜导弹","鱼叉反舰导弹",""
"伊利湖号","CG70","MK45型127毫米舰炮","MK15 Block1A/B密集阵近程防御武器系统","标准SM2防空导弹","战斧巡航导弹","海麻雀舰空导弹","反潜导弹","鱼叉反舰导弹",""
"圣乔治角号","CG71","MK45型127毫米舰炮","MK15 Block1A/B密集阵近程防御武器系统","标准SM2防空导弹","战斧巡航导弹","海麻雀舰空导弹","反潜导弹","鱼叉反舰导弹",""
"维拉湾号","CG72","MK45型127毫米舰炮","MK15 Block1A/B密集阵近程防御武器系统","标准SM2防空导弹","战斧巡航导弹","海麻雀舰空导弹","反潜导弹","鱼叉反舰导弹",""
"皇家港号","CG73","MK45型127毫米舰炮","MK15 Block1A/B密集阵近程防御武器系统","标准SM2防空导弹","战斧巡航导弹","海麻雀舰空导弹","反潜导弹","鱼叉反舰导弹",""
"尼米兹号","CVN68","MK25/29海麻雀短程防空导弹","MK31拉姆短程防空导弹系统","MK15密集阵近程防御武器系统","","","","",""
"艾森豪威尔号","CVN69","MK25/29海麻雀短程防空导弹","MK31拉姆短程防空导弹系统","MK15密集阵近程防御武器系统","","","","",""
"卡尔文森号","CVN70","MK25/29海麻雀短程防空导弹","MK31拉姆短程防空导弹系统","MK15密集阵近程防御武器系统","","","","",""
"西奥多·罗斯福号","CVN71","MK25/29海麻雀短程防空导弹","MK31拉姆短程防空导弹系统","MK15密集阵近程防御武器系统","","","","",""
"亚布拉罕·林肯号","CVN72","MK25/29海麻雀短程防空导弹","MK31拉姆短程防空导弹系统","MK15密集阵近程防御武器系统","","","","",""
"乔治·华盛顿号","CVN73","MK25/29海麻雀短程防空导弹","MK31拉姆短程防空导弹系统","MK15密集阵近程防御武器系统","","","","",""
"斯坦尼斯号","CVN74","MK25/29海麻雀短程防空导弹","MK31拉姆短程防空导弹系统","MK15密集阵近程防御武器系统","","","","",""
"杜鲁门号","CVN75","MK25/29海麻雀短程防空导弹","MK31拉姆短程防空导弹系统","MK15密集阵近程防御武器系统","","","","",""
"里根号","CVN76","MK25/29海麻雀短程防空导弹","MK31拉姆短程防空导弹系统","MK15密集阵近程防御武器系统","","","","",""
"布什号","CVN77","MK25/29海麻雀短程防空导弹","MK31拉姆短程防空导弹系统","MK15密集阵近程防御武器系统","","","","",""
"杰拉德·R·福特号","CVN78","RIM116短程防空导弹","RIM-162 ESSM 改进型海麻雀导弹","MK15 Block 1B密集阵近程防御武器系统","","","","",""
"约翰·肯尼迪号","CVN79","RIM116短程防空导弹","RIM-162 ESSM 改进型海麻雀导弹","MK15 Block 1B密集阵近程防御武器系统","","","","",""
"基德号","DDG100","MK45型127毫米舰炮","RIM-162 ESSM 改进型海麻雀导弹","MK38型25毫米机炮","标准SM2防空导弹","战斧巡航导弹","垂直发射火箭助飞鱼雷(VLA)","MK141鱼叉反舰导弹",""
"朱姆沃尔特号","DDG1000","AGS 155mm先进舰炮系统","标准区域防空导弹","海麻雀ESSM短程防空导弹","战斧巡航导弹","ALAM先进对地导弹","","",""
"麦可·蒙苏尔号","DDG1001","AGS 155mm先进舰炮系统","标准区域防空导弹","海麻雀ESSM短程防空导弹","战斧巡航导弹","ALAM先进对地导弹","","",""
"林登·约翰逊号","DDG1002","AGS 155mm先进舰炮系统","标准区域防空导弹","海麻雀ESSM短程防空导弹","战斧巡航导弹","ALAM先进对地导弹","","",""
"格里德利号","DDG101","MK45型127毫米舰炮","RIM-162 ESSM 改进型海麻雀导弹","MK38型25毫米机炮","标准SM2防空导弹","战斧巡航导弹","垂直发射火箭助飞鱼雷(VLA)","MK141鱼叉反舰导弹",""
"桑普森号","DDG102","MK45型127毫米舰炮","RIM-162 ESSM 改进型海麻雀导弹","MK38型25毫米机炮","标准SM2防空导弹","战斧巡航导弹","垂直发射火箭助飞鱼雷(VLA)","MK141鱼叉反舰导弹",""
"特鲁斯顿号","DDG103","MK45型127毫米舰炮","RIM-162 ESSM 改进型海麻雀导弹","MK38型25毫米机炮","标准SM2防空导弹","战斧巡航导弹","垂直发射火箭助飞鱼雷(VLA)","MK141鱼叉反舰导弹",""
"斯特雷特号","DDG104","MK45型127毫米舰炮","RIM-162 ESSM 改进型海麻雀导弹","MK38型25毫米机炮","标准SM2防空导弹","战斧巡航导弹","垂直发射火箭助飞鱼雷(VLA)","MK141鱼叉反舰导弹","MK38 Mod2 25mm遥控机炮系统(GWS)"
"杜威号","DDG105","MK45型127毫米舰炮","RIM-162 ESSM 改进型海麻雀导弹","MK38型25毫米机炮","标准SM2防空导弹","战斧巡航导弹","垂直发射火箭助飞鱼雷(VLA)","MK141鱼叉反舰导弹","MK38 Mod2 25mm遥控机炮系统(GWS)"
"史托戴尔号","DDG106","MK45型127毫米舰炮","RIM-162 ESSM 改进型海麻雀导弹","MK38型25毫米机炮","标准SM2防空导弹","战斧巡航导弹","垂直发射火箭助飞鱼雷(VLA)","MK141鱼叉反舰导弹","MK38 Mod2 25mm遥控机炮系统(GWS)"
"格雷夫利号","DDG107","MK45型127毫米舰炮","RIM-162 ESSM 改进型海麻雀导弹","MK38型25毫米机炮","标准SM2防空导弹","战斧巡航导弹","垂直发射火箭助飞鱼雷(VLA)","MK141鱼叉反舰导弹","MK38 Mod2 25mm遥控机炮系统(GWS)"
"韦恩·E·迈耶号","DDG108","MK45型127毫米舰炮","RIM-162 ESSM 改进型海麻雀导弹","MK38型25毫米机炮","标准SM2防空导弹","战斧巡航导弹","垂直发射火箭助飞鱼雷(VLA)","MK141鱼叉反舰导弹","MK38 Mod2 25mm遥控机炮系统(GWS)"
"贾森·邓汉号","DDG109","MK45型127毫米舰炮","RIM-162 ESSM 改进型海麻雀导弹","MK38型25毫米机炮","标准SM2防空导弹","战斧巡航导弹","垂直发射火箭助飞鱼雷(VLA)","MK141鱼叉反舰导弹","MK38 Mod2 25mm遥控机炮系统(GWS)"
"威廉·P·劳伦斯号","DDG110","MK45型127毫米舰炮","RIM-162 ESSM 改进型海麻雀导弹","MK38型25毫米机炮","标准SM2防空导弹","战斧巡航导弹","垂直发射火箭助飞鱼雷(VLA)","MK141鱼叉反舰导弹","MK38 Mod2 25mm遥控机炮系统(GWS)"
"斯普鲁恩斯号","DDG111","MK45型127毫米舰炮","RIM-162 ESSM 改进型海麻雀导弹","MK38型25毫米机炮","标准SM2防空导弹","战斧巡航导弹","垂直发射火箭助飞鱼雷(VLA)","MK141鱼叉反舰导弹","MK38 Mod2 25mm遥控机炮系统(GWS)"
"迈克尔·墨菲号","DDG112","MK45型127毫米舰炮","RIM-162 ESSM 改进型海麻雀导弹","MK38型25毫米机炮","标准SM2防空导弹","战斧巡航导弹","垂直发射火箭助飞鱼雷(VLA)","MK141鱼叉反舰导弹","MK38 Mod2 25mm遥控机炮系统(GWS)"
"约翰·芬号","DDG113","MK45型127毫米舰炮","RIM-162 ESSM 改进型海麻雀导弹","MK38型25毫米机炮","标准SM2防空导弹","战斧巡航导弹","垂直发射火箭助飞鱼雷(VLA)","MK141鱼叉反舰导弹",""
"拉夫·詹森号","DDG114","MK45型127毫米舰炮","RIM-162 ESSM 改进型海麻雀导弹","MK38型25毫米机炮","标准SM2防空导弹","战斧巡航导弹","垂直发射火箭助飞鱼雷(VLA)","MK141鱼叉反舰导弹",""
"拉斐尔·比拉达号","DDG115","MK45型127毫米舰炮","RIM-162 ESSM 改进型海麻雀导弹","MK38型25毫米机炮","标准SM2防空导弹","战斧巡航导弹","垂直发射火箭助飞鱼雷(VLA)","MK141鱼叉反舰导弹",""
"汤马士·哈德拿号","DDG116","MK45型127毫米舰炮","RIM-162 ESSM 改进型海麻雀导弹","MK38型25毫米机炮","标准SM2防空导弹","战斧巡航导弹","垂直发射火箭助飞鱼雷(VLA)","MK141鱼叉反舰导弹",""
"保罗·伊格内修斯号","DDG117","MK45型127毫米舰炮","RIM-162 ESSM 改进型海麻雀导弹","MK38型25毫米机炮","标准SM2防空导弹","战斧巡航导弹","垂直发射火箭助飞鱼雷(VLA)","MK141鱼叉反舰导弹",""
"阿利·伯克号","DDG51","MK45型127毫米舰炮","MK15密集阵近程防御武器系统","MK38型25毫米机炮","标准SM2防空导弹","战斧巡航导弹","垂直发射火箭助飞鱼雷(VLA)","MK141鱼叉反舰导弹",""
"巴里号","DDG52","MK45型127毫米舰炮","MK15密集阵近程防御武器系统","MK38型25毫米机炮","标准SM2防空导弹","战斧巡航导弹","垂直发射火箭助飞鱼雷(VLA)","MK141鱼叉反舰导弹",""
"约翰·保罗·琼斯号","DDG53","MK45型127毫米舰炮","MK15密集阵近程防御武器系统","MK38型25毫米机炮","标准SM2防空导弹","战斧巡航导弹","垂直发射火箭助飞鱼雷(VLA)","MK141鱼叉反舰导弹",""
"柯蒂斯·威尔伯号","DDG54","MK45型127毫米舰炮","MK15密集阵近程防御武器系统","MK38型25毫米机炮","标准SM2防空导弹","战斧巡航导弹","垂直发射火箭助飞鱼雷(VLA)","MK141鱼叉反舰导弹",""
"斯托特号","DDG55","MK45型127毫米舰炮","MK15密集阵近程防御武器系统","MK38型25毫米机炮","标准SM2防空导弹","战斧巡航导弹","垂直发射火箭助飞鱼雷(VLA)","MK141鱼叉反舰导弹",""
"约翰·麦凯恩号","DDG56","MK45型127毫米舰炮","MK15密集阵近程防御武器系统","MK38型25毫米机炮","标准SM2防空导弹","战斧巡航导弹","垂直发射火箭助飞鱼雷(VLA)","MK141鱼叉反舰导弹",""
"米切尔号","DDG57","MK45型127毫米舰炮","MK15密集阵近程防御武器系统","MK38型25毫米机炮","标准SM2防空导弹","战斧巡航导弹","垂直发射火箭助飞鱼雷(VLA)","MK141鱼叉反舰导弹",""
"拉布恩号","DDG58","MK45型127毫米舰炮","MK15密集阵近程防御武器系统","MK38型25毫米机炮","标准SM2防空导弹","战斧巡航导弹","垂直发射火箭助飞鱼雷(VLA)","MK141鱼叉反舰导弹",""
"拉塞尔号","DDG59","MK45型127毫米舰炮","MK15密集阵近程防御武器系统","MK38型25毫米机炮","标准SM2防空导弹","战斧巡航导弹","垂直发射火箭助飞鱼雷(VLA)","MK141鱼叉反舰导弹",""
"保罗·汉密尔顿号","DDG60","MK45型127毫米舰炮","MK15密集阵近程防御武器系统","MK38型25毫米机炮","标准SM2防空导弹","战斧巡航导弹","垂直发射火箭助飞鱼雷(VLA)","MK141鱼叉反舰导弹",""
"拉梅奇号","DDG61","MK45型127毫米舰炮","MK15密集阵近程防御武器系统","MK38型25毫米机炮","标准SM2防空导弹","战斧巡航导弹","垂直发射火箭助飞鱼雷(VLA)","MK141鱼叉反舰导弹",""
"菲茨杰拉德号","DDG62","MK45型127毫米舰炮","MK15密集阵近程防御武器系统","MK38型25毫米机炮","标准SM2防空导弹","战斧巡航导弹","垂直发射火箭助飞鱼雷(VLA)","MK141鱼叉反舰导弹",""
"史塔森号","DDG63","MK45型127毫米舰炮","MK15密集阵近程防御武器系统","MK38型25毫米机炮","标准SM2防空导弹","战斧巡航导弹","垂直发射火箭助飞鱼雷(VLA)","MK141鱼叉反舰导弹",""
"卡尼号","DDG64","MK45型127毫米舰炮","MK15密集阵近程防御武器系统","MK38型25毫米机炮","标准SM2防空导弹","战斧巡航导弹","垂直发射火箭助飞鱼雷(VLA)","MK141鱼叉反舰导弹",""
"本福尔德号","DDG65","MK45型127毫米舰炮","MK15密集阵近程防御武器系统","MK38型25毫米机炮","标准SM2防空导弹","战斧巡航导弹","垂直发射火箭助飞鱼雷(VLA)","MK141鱼叉反舰导弹",""
"冈萨雷斯号","DDG66","MK45型127毫米舰炮","MK15密集阵近程防御武器系统","MK38型25毫米机炮","标准SM2防空导弹","战斧巡航导弹","垂直发射火箭助飞鱼雷(VLA)","MK141鱼叉反舰导弹",""
"科尔号","DDG67","MK45型127毫米舰炮","MK15密集阵近程防御武器系统","MK38型25毫米机炮","标准SM2防空导弹","战斧巡航导弹","垂直发射火箭助飞鱼雷(VLA)","MK141鱼叉反舰导弹",""
"沙利文号","DDG68","MK45型127毫米舰炮","MK15密集阵近程防御武器系统","MK38型25毫米机炮","标准SM2防空导弹","战斧巡航导弹","垂直发射火箭助飞鱼雷(VLA)","MK141鱼叉反舰导弹",""
"米利厄斯号","DDG69","MK45型127毫米舰炮","MK15密集阵近程防御武器系统","MK38型25毫米机炮","标准SM2防空导弹","战斧巡航导弹","垂直发射火箭助飞鱼雷(VLA)","MK141鱼叉反舰导弹",""
"霍珀号","DDG70","MK45型127毫米舰炮","MK15密集阵近程防御武器系统","MK38型25毫米机炮","标准SM2防空导弹","战斧巡航导弹","垂直发射火箭助飞鱼雷(VLA)","MK141鱼叉反舰导弹",""
"罗斯号","DDG71","MK45型127毫米舰炮","MK15密集阵近程防御武器系统","MK38型25毫米机炮","标准SM2防空导弹","战斧巡航导弹","垂直发射火箭助飞鱼雷(VLA)","MK141鱼叉反舰导弹",""
"马汉号","DDG72","MK45型127毫米舰炮","MK15密集阵近程防御武器系统","MK38型25毫米机炮","标准SM2防空导弹","战斧巡航导弹","垂直发射火箭助飞鱼雷(VLA)","MK141鱼叉反舰导弹",""
"迪凯特号","DDG73","MK45型127毫米舰炮","MK15密集阵近程防御武器系统","MK38型25毫米机炮","标准SM2防空导弹","战斧巡航导弹","垂直发射火箭助飞鱼雷(VLA)","MK141鱼叉反舰导弹",""
"麦克福尔号","DDG74","MK45型127毫米舰炮","MK15密集阵近程防御武器系统","MK38型25毫米机炮","标准SM2防空导弹","战斧巡航导弹","垂直发射火箭助飞鱼雷(VLA)","MK141鱼叉反舰导弹",""
"唐纳德·库克号","DDG75","MK45型127毫米舰炮","MK15密集阵近程防御武器系统","MK38型25毫米机炮","标准SM2防空导弹","战斧巡航导弹","垂直发射火箭助飞鱼雷(VLA)","MK141鱼叉反舰导弹",""
"希金斯号","DDG76","MK45型127毫米舰炮","MK15密集阵近程防御武器系统","MK38型25毫米机炮","标准SM2防空导弹","战斧巡航导弹","垂直发射火箭助飞鱼雷(VLA)","MK141鱼叉反舰导弹",""
"奥凯恩号","DDG77","MK45型127毫米舰炮","MK15密集阵近程防御武器系统","MK38型25毫米机炮","标准SM2防空导弹","战斧巡航导弹","垂直发射火箭助飞鱼雷(VLA)","MK141鱼叉反舰导弹",""
"波特号","DDG78","MK45型127毫米舰炮","MK15密集阵近程防御武器系统","MK38型25毫米机炮","标准SM2防空导弹","战斧巡航导弹","垂直发射火箭助飞鱼雷(VLA)","MK141鱼叉反舰导弹",""
"奥斯卡·奥斯汀号","DDG79","MK45型127毫米舰炮","MK15密集阵近程防御武器系统","MK38型25毫米机炮","标准SM2防空导弹","战斧巡航导弹","垂直发射火箭助飞鱼雷(VLA)","MK141鱼叉反舰导弹",""
"罗斯福号","DDG80","MK45型127毫米舰炮","MK15密集阵近程防御武器系统","MK38型25毫米机炮","标准SM2防空导弹","战斧巡航导弹","垂直发射火箭助飞鱼雷(VLA)","MK141鱼叉反舰导弹",""
"温斯顿·丘吉尔号","DDG81","MK45型127毫米舰炮","MK15密集阵近程防御武器系统","MK38型25毫米机炮","标准SM2防空导弹","战斧巡航导弹","垂直发射火箭助飞鱼雷(VLA)","MK141鱼叉反舰导弹",""
"拉森号","DDG82","MK45型127毫米舰炮","MK15密集阵近程防御武器系统","MK38型25毫米机炮","标准SM2防空导弹","战斧巡航导弹","垂直发射火箭助飞鱼雷(VLA)","MK141鱼叉反舰导弹",""
"霍华德号","DDG83","MK45型127毫米舰炮","MK15密集阵近程防御武器系统","MK38型25毫米机炮","标准SM2防空导弹","战斧巡航导弹","垂直发射火箭助飞鱼雷(VLA)","MK141鱼叉反舰导弹",""
"巴尔克利号","DDG84","MK45型127毫米舰炮","RIM-162 ESSM 改进型海麻雀导弹","MK38型25毫米机炮","标准SM2防空导弹","战斧巡航导弹","垂直发射火箭助飞鱼雷(VLA)","MK141鱼叉反舰导弹",""
"麦坎贝尔号","DDG85","MK45型127毫米舰炮","RIM-162 ESSM 改进型海麻雀导弹","MK38型25毫米机炮","标准SM2防空导弹","战斧巡航导弹","垂直发射火箭助飞鱼雷(VLA)","MK141鱼叉反舰导弹",""
"肖普号","DDG86","MK45型127毫米舰炮","RIM-162 ESSM 改进型海麻雀导弹","MK38型25毫米机炮","标准SM2防空导弹","战斧巡航导弹","垂直发射火箭助飞鱼雷(VLA)","MK141鱼叉反舰导弹",""
"梅森号","DDG87","MK45型127毫米舰炮","RIM-162 ESSM 改进型海麻雀导弹","MK38型25毫米机炮","标准SM2防空导弹","战斧巡航导弹","垂直发射火箭助飞鱼雷(VLA)","MK141鱼叉反舰导弹",""
"普雷贝尔号","DDG88","MK45型127毫米舰炮","RIM-162 ESSM 改进型海麻雀导弹","MK38型25毫米机炮","标准SM2防空导弹","战斧巡航导弹","垂直发射火箭助飞鱼雷(VLA)","MK141鱼叉反舰导弹",""
"马斯廷号","DDG89","MK45型127毫米舰炮","RIM-162 ESSM 改进型海麻雀导弹","MK38型25毫米机炮","标准SM2防空导弹","战斧巡航导弹","垂直发射火箭助飞鱼雷(VLA)","MK141鱼叉反舰导弹",""
"查菲号","DDG90","MK45型127毫米舰炮","RIM-162 ESSM 改进型海麻雀导弹","MK38型25毫米机炮","标准SM2防空导弹","战斧巡航导弹","垂直发射火箭助飞鱼雷(VLA)","MK141鱼叉反舰导弹",""
"平克尼号","DDG91","MK45型127毫米舰炮","RIM-162 ESSM 改进型海麻雀导弹","MK38型25毫米机炮","标准SM2防空导弹","战斧巡航导弹","垂直发射火箭助飞鱼雷(VLA)","MK141鱼叉反舰导弹",""
"莫姆森号","DDG92","MK45型127毫米舰炮","RIM-162 ESSM 改进型海麻雀导弹","MK38型25毫米机炮","标准SM2防空导弹","战斧巡航导弹","垂直发射火箭助飞鱼雷(VLA)","MK141鱼叉反舰导弹",""
"钟云号","DDG93","MK45型127毫米舰炮","RIM-162 ESSM 改进型海麻雀导弹","MK38型25毫米机炮","标准SM2防空导弹","战斧巡航导弹","垂直发射火箭助飞鱼雷(VLA)","MK141鱼叉反舰导弹",""
"尼采号","DDG94","MK45型127毫米舰炮","RIM-162 ESSM 改进型海麻雀导弹","MK38型25毫米机炮","标准SM2防空导弹","战斧巡航导弹","垂直发射火箭助飞鱼雷(VLA)","MK141鱼叉反舰导弹",""
"詹姆斯·威廉斯号","DDG95","MK45型127毫米舰炮","RIM-162 ESSM 改进型海麻雀导弹","MK38型25毫米机炮","标准SM2防空导弹","战斧巡航导弹","垂直发射火箭助飞鱼雷(VLA)","MK141鱼叉反舰导弹",""
"班布里奇号","DDG96","MK45型127毫米舰炮","RIM-162 ESSM 改进型海麻雀导弹","MK38型25毫米机炮","标准SM2防空导弹","战斧巡航导弹","垂直发射火箭助飞鱼雷(VLA)","MK141鱼叉反舰导弹",""
"哈尔西号","DDG97","MK45型127毫米舰炮","RIM-162 ESSM 改进型海麻雀导弹","MK38型25毫米机炮","标准SM2防空导弹","战斧巡航导弹","垂直发射火箭助飞鱼雷(VLA)","MK141鱼叉反舰导弹",""
"福里斯特·舍曼号","DDG98","MK45型127毫米舰炮","RIM-162 ESSM 改进型海麻雀导弹","MK38型25毫米机炮","标准SM2防空导弹","战斧巡航导弹","垂直发射火箭助飞鱼雷(VLA)","MK141鱼叉反舰导弹",""
"法拉格特号","DDG99","MK45型127毫米舰炮","RIM-162 ESSM 改进型海麻雀导弹","MK38型25毫米机炮","标准SM2防空导弹","战斧巡航导弹","垂直发射火箭助飞鱼雷(VLA)","MK141鱼叉反舰导弹",""
"自由号","LCS1","博福斯MK110型57毫米舰炮","12.7毫米机枪","RIM116短程防空导弹","","","","",""
"加布里埃尔吉福兹号","LCS10","博福斯MK110型57毫米舰炮","MK46型30毫米舰炮","RIM116短程防空导弹","","","","",""
"苏城号","LCS11","博福斯MK110型57毫米舰炮","12.7毫米机枪","RIM116短程防空导弹","","","","",""
"奥马哈号","LCS12","博福斯MK110型57毫米舰炮","MK46型30毫米舰炮","RIM116短程防空导弹","","","","",""
"威奇托号","LCS13","博福斯MK110型57毫米舰炮","12.7毫米机枪","RIM116短程防空导弹","","","","",""
"曼切斯特号","LCS14","博福斯MK110型57毫米舰炮","MK46型30毫米舰炮","RIM116短程防空导弹","","","","",""
"比林斯号","LCS15","博福斯MK110型57毫米舰炮","12.7毫米机枪","RIM116短程防空导弹","","","","",""
"塔尔萨号","LCS16","博福斯MK110型57毫米舰炮","MK46型30毫米舰炮","RIM116短程防空导弹","","","","",""
"印第安纳波利斯号","LCS17","博福斯MK110型57毫米舰炮","12.7毫米机枪","RIM116短程防空导弹","","","","",""
"查尔斯顿号","LCS18","博福斯MK110型57毫米舰炮","MK46型30毫米舰炮","RIM116短程防空导弹","","","","",""
"独立号","LCS2","博福斯MK110型57毫米舰炮","MK46型30毫米舰炮","RIM116短程防空导弹","","","","",""
"辛辛那提号","LCS20","博福斯MK110型57毫米舰炮","MK46型30毫米舰炮","RIM116短程防空导弹","","","","",""
"堪萨斯城号","LCS22","博福斯MK110型57毫米舰炮","MK46型30毫米舰炮","RIM116短程防空导弹","","","","",""
"沃思堡号","LCS3","博福斯MK110型57毫米舰炮","12.7毫米机枪","RIM116短程防空导弹","","","","",""
"科罗拉多号","LCS4","博福斯MK110型57毫米舰炮","MK46型30毫米舰炮","RIM116短程防空导弹","","","","",""
"密尔沃基号","LCS5","博福斯MK110型57毫米舰炮","12.7毫米机枪","RIM116短程防空导弹","","","","",""
"杰克逊号","LCS6","博福斯MK110型57毫米舰炮","MK46型30毫米舰炮","RIM116短程防空导弹","","","","",""
"底特律号","LCS7","博福斯MK110型57毫米舰炮","12.7毫米机枪","RIM116短程防空导弹","","","","",""
"蒙哥马利号","LCS8","博福斯MK110型57毫米舰炮","MK46型30毫米舰炮","RIM116短程防空导弹","","","","",""
"小石城号","LCS9","博福斯MK110型57毫米舰炮","12.7毫米机枪","RIM116短程防空导弹","","","","",""
"美利坚号","LHA6","海麻雀导弹","RIM116短程防空导弹","密集阵近防炮","","","","",""
"的黎波里号","LHA7","海麻雀导弹","RIM116短程防空导弹","密集阵近防炮","","","","",""
"黄蜂号","LHD1","MK29海麻雀短程防空导弹","RIM116短程防空导弹","密集阵近防炮","MK38型25毫米炮","","","",""
"埃塞克斯号","LHD2","MK29海麻雀短程防空导弹","RIM116短程防空导弹","密集阵近防炮","MK38型25毫米炮","","","",""
"基萨奇号","LHD3","MK29海麻雀短程防空导弹","RIM116短程防空导弹","密集阵近防炮","MK38型25毫米炮","","","",""
"拳师号","LHD4","MK29海麻雀短程防空导弹","RIM116短程防空导弹","密集阵近防炮","MK38型25毫米炮","","","",""
"巴丹号","LHD5","MK29海麻雀短程防空导弹","RIM116短程防空导弹","密集阵近防炮","MK38型25毫米炮","","","",""
"博诺姆·理查德号","LHD6","MK29海麻雀短程防空导弹","RIM116短程防空导弹","密集阵近防炮","MK38型25毫米炮","","","",""
"硫磺岛号","LHD7","MK29海麻雀短程防空导弹","RIM116短程防空导弹","密集阵近防炮","MK38型25毫米炮","","","",""
"马金岛号","LHD8","MK29海麻雀短程防空导弹","RIM116短程防空导弹","密集阵近防炮","MK38型25毫米炮","","","",""
"圣安东尼奥号","LPD17","MK46型30毫米炮","RIM116短程防空导弹","12.7毫米口径机枪","","","","",""
"新奥尔良号","LPD18","MK46型30毫米炮","RIM116短程防空导弹","12.7毫米口径机枪","","","","",""
"梅萨维德号","LPD19","MK46型30毫米炮","RIM116短程防空导弹","12.7毫米口径机枪","","","","",""
"绿湾号","LPD20","MK46型30毫米炮","RIM116短程防空导弹","12.7毫米口径机枪","","","","",""
"纽约号","LPD21","MK46型30毫米炮","RIM116短程防空导弹","12.7毫米口径机枪","","","","",""
"圣地亚哥号","LPD22","MK46型30毫米炮","RIM116短程防空导弹","12.7毫米口径机枪","","","","",""
"安格雷齐号","LPD23","MK46型30毫米炮","RIM116短程防空导弹","12.7毫米口径机枪","","","","",""
"阿灵顿号","LPD24","MK46型30毫米炮","RIM116短程防空导弹","12.7毫米口径机枪","","","","",""
"萨默塞特号","LPD25","MK46型30毫米炮","RIM116短程防空导弹","12.7毫米口径机枪","","","","",""
"约翰·P·默撒号","LPD26","MK46型30毫米炮","RIM116短程防空导弹","12.7毫米口径机枪","","","","",""
"波特兰号","LPD27","MK46型30毫米炮","RIM116短程防空导弹","12.7毫米口径机枪","","","","",""
"惠特贝岛号","LSD41","MK15型20毫米密集阵近程武器系统","MK38型25毫米炮","12.7毫米口径机枪","MK49拉姆防空导弹","","","",""
"日耳曼城号","LSD42","MK15型20毫米密集阵近程武器系统","MK38型25毫米炮","12.7毫米口径机枪","MK49拉姆防空导弹","","","",""
"麦克亨利堡号","LSD43","MK15型20毫米密集阵近程武器系统","MK38型25毫米炮","12.7毫米口径机枪","MK49拉姆防空导弹","","","",""
"冈斯顿厅号","LSD44","MK15型20毫米密集阵近程武器系统","MK38型25毫米炮","12.7毫米口径机枪","MK49拉姆防空导弹","","","",""
"康斯托克号","LSD45","MK15型20毫米密集阵近程武器系统","MK38型25毫米炮","12.7毫米口径机枪","MK49拉姆防空导弹","","","",""
"托尔图加号","LSD46","MK15型20毫米密集阵近程武器系统","MK38型25毫米炮","12.7毫米口径机枪","MK49拉姆防空导弹","","","",""
"拉什摩尔号","LSD47","MK15型20毫米密集阵近程武器系统","MK38型25毫米炮","12.7毫米口径机枪","MK49拉姆防空导弹","","","",""
"阿希兰号","LSD48","MK15型20毫米密集阵近程武器系统","MK38型25毫米炮","12.7毫米口径机枪","MK49拉姆防空导弹","","","",""
"哈珀斯·费里号","LSD49","MK15型20毫米密集阵近程武器系统","拉姆近程舰空导弹发射系统","MK38型25毫米炮","12.7毫米口径机枪","","","",""
"卡特霍尔号","LSD50","MK15型20毫米密集阵近程武器系统","拉姆近程舰空导弹发射系统","MK38型25毫米炮","12.7毫米口径机枪","","","",""
"奥克希尔号","LSD51","MK15型20毫米密集阵近程武器系统","拉姆近程舰空导弹发射系统","MK38型25毫米炮","12.7毫米口径机枪","","","",""
"珍珠港号","LSD52","MK15型20毫米密集阵近程武器系统","拉姆近程舰空导弹发射系统","MK38型25毫米炮","12.7毫米口径机枪","","","",""
"亨利·杰克逊号","SSBN730","MK48线导鱼雷","三叉戟C4洲际导弹","三叉戟D5洲际导弹","","","","",""
"阿拉巴马号","SSBN731","MK48线导鱼雷","三叉戟C4洲际导弹","三叉戟D5洲际导弹","","","","",""
"阿拉斯加号","SSBN732","MK48线导鱼雷","三叉戟C4洲际导弹","三叉戟D5洲际导弹","","","","",""
"内华达号","SSBN733","MK48线导鱼雷","三叉戟C4洲际导弹","三叉戟D5洲际导弹","","","","",""
"田纳西号","SSBN734","MK48线导鱼雷","三叉戟C4洲际导弹","三叉戟D5洲际导弹","","","","",""
"宾夕法尼亚号","SSBN735","MK48线导鱼雷","三叉戟C4洲际导弹","三叉戟D5洲际导弹","","","","",""
"西弗吉尼亚号","SSBN736","MK48线导鱼雷","三叉戟C4洲际导弹","三叉戟D5洲际导弹","","","","",""
"肯塔基号","SSBN737","MK48线导鱼雷","三叉戟C4洲际导弹","三叉戟D5洲际导弹","","","","",""
"马里兰号","SSBN738","MK48线导鱼雷","三叉戟C4洲际导弹","三叉戟D5洲际导弹","","","","",""
"内布拉斯加号","SSBN739","MK48线导鱼雷","三叉戟C4洲际导弹","三叉戟D5洲际导弹","","","","",""
"罗得岛号","SSBN740","MK48线导鱼雷","三叉戟C4洲际导弹","三叉戟D5洲际导弹","","","","",""
"缅因号","SSBN741","MK48线导鱼雷","三叉戟C4洲际导弹","三叉戟D5洲际导弹","","","","",""
"怀俄明号","SSBN742","MK48线导鱼雷","三叉戟C4洲际导弹","三叉戟D5洲际导弹","","","","",""
"路易斯安那号","SSBN743","MK48线导鱼雷","三叉戟C4洲际导弹","三叉戟D5洲际导弹","","","","",""
"俄亥俄号","SSGN726","MK48线导鱼雷","战斧巡航导弹","","","","","",""
"密歇根号","SSGN727","MK48线导鱼雷","战斧巡航导弹","","","","","",""
"佛罗里达号","SSGN728","MK48线导鱼雷","战斧巡航导弹","","","","","",""
"佐治亚号","SSGN729","MK48线导鱼雷","战斧巡航导弹","","","","","",""
"海狼号","SSN21","MK48线导鱼雷","鱼叉反舰导弹","战斧巡航导弹","","","","",""
"康涅狄格号","SSN22","MK48线导鱼雷","鱼叉反舰导弹","战斧巡航导弹","","","","",""
"吉米·卡特号","SSN23","MK48线导鱼雷","鱼叉反舰导弹","战斧巡航导弹","","","","",""
"布雷默顿号","SSN698","MK48线导鱼雷","鱼叉反舰导弹","战斧巡航导弹","","","","",""
"杰克逊维尔号","SSN699","MK48线导鱼雷","鱼叉反舰导弹","战斧巡航导弹","","","","",""
"达拉斯号","SSN700","MK48线导鱼雷","鱼叉反舰导弹","战斧巡航导弹","","","","",""
"拉霍亚号","SSN701","MK48线导鱼雷","鱼叉反舰导弹","战斧巡航导弹","","","","",""
"科珀斯克里斯蒂号","SSN705","MK48线导鱼雷","鱼叉反舰导弹","战斧巡航导弹","","","","",""
"阿尔伯克基号","SSN706","MK48线导鱼雷","鱼叉反舰导弹","战斧巡航导弹","","","","",""
"旧金山号","SSN711","MK48线导鱼雷","鱼叉反舰导弹","战斧巡航导弹","","","","",""
"休斯敦号","SSN713","MK48线导鱼雷","鱼叉反舰导弹","战斧巡航导弹","","","","",""
"布法罗号","SSN715","MK48线导鱼雷","鱼叉反舰导弹","战斧巡航导弹","","","","",""
"奥林匹亚号","SSN717","MK48线导鱼雷","鱼叉反舰导弹","战斧巡航导弹","","","","",""
"普罗维登斯号","SSN719","MK48线导鱼雷","鱼叉反舰导弹","战斧巡航导弹","","","","",""
"匹兹堡号","SSN720","MK48线导鱼雷","鱼叉反舰导弹","战斧巡航导弹","","","","",""
"芝加哥号","SSN721","MK48线导鱼雷","鱼叉反舰导弹","战斧巡航导弹","","","","",""
"基韦斯特号","SSN722","MK48线导鱼雷","鱼叉反舰导弹","战斧巡航导弹","","","","",""
"俄克拉荷马号","SSN723","MK48线导鱼雷","鱼叉反舰导弹","战斧巡航导弹","","","","",""
"路易斯维尔号","SSN724","MK48线导鱼雷","鱼叉反舰导弹","战斧巡航导弹","","","","",""
"海伦娜号","SSN725","MK48线导鱼雷","鱼叉反舰导弹","战斧巡航导弹","","","","",""
"纽波特纽斯号","SSN750","MK48线导鱼雷","鱼叉反舰导弹","战斧巡航导弹","","","","",""
"圣胡安号","SSN751","MK48线导鱼雷","鱼叉反舰导弹","战斧巡航导弹","","","","",""
"帕萨迪纳号","SSN752","MK48线导鱼雷","鱼叉反舰导弹","战斧巡航导弹","","","","",""
"奥尔巴尼号","SSN753","MK48线导鱼雷","鱼叉反舰导弹","战斧巡航导弹","","","","",""
"托皮卡号","SSN754","MK48线导鱼雷","鱼叉反舰导弹","战斧巡航导弹","","","","",""
"斯克兰顿号","SSN756","MK48线导鱼雷","鱼叉反舰导弹","战斧巡航导弹","","","","",""
"亚历山德里亚号","SSN757","MK48线导鱼雷","鱼叉反舰导弹","战斧巡航导弹","","","","",""
"阿什维尔号","SSN758","MK48线导鱼雷","鱼叉反舰导弹","战斧巡航导弹","","","","",""
"杰斐逊城号","SSN759","MK48线导鱼雷","鱼叉反舰导弹","战斧巡航导弹","","","","",""
"安纳波利斯号","SSN760","MK48线导鱼雷","鱼叉反舰导弹","战斧巡航导弹","","","","",""
"斯普林菲尔德号","SSN761","MK48线导鱼雷","鱼叉反舰导弹","战斧巡航导弹","","","","",""
"哥伦布号","SSN762","MK48线导鱼雷","鱼叉反舰导弹","战斧巡航导弹","","","","",""
"圣菲号","SSN763","MK48线导鱼雷","鱼叉反舰导弹","战斧巡航导弹","","","","",""
"博伊西号","SSN764","MK48线导鱼雷","鱼叉反舰导弹","战斧巡航导弹","","","","",""
"蒙彼利埃号","SSN765","MK48线导鱼雷","鱼叉反舰导弹","战斧巡航导弹","","","","",""
"夏洛特号","SSN766","MK48线导鱼雷","鱼叉反舰导弹","战斧巡航导弹","","","","",""
"汉普顿号","SSN767","MK48线导鱼雷","鱼叉反舰导弹","战斧巡航导弹","","","","",""
"哈特福德号","SSN768","MK48线导鱼雷","鱼叉反舰导弹","战斧巡航导弹","","","","",""
"托莱多号","SSN769","MK48线导鱼雷","鱼叉反舰导弹","战斧巡航导弹","","","","",""
"图森号","SSN770","MK48线导鱼雷","鱼叉反舰导弹","战斧巡航导弹","","","","",""
"哥伦比亚号","SSN771","MK48线导鱼雷","鱼叉反舰导弹","战斧巡航导弹","","","","",""
"格林维尔号","SSN772","MK48线导鱼雷","鱼叉反舰导弹","战斧巡航导弹","","","","",""
"夏延号","SSN773","MK48线导鱼雷","鱼叉反舰导弹","战斧巡航导弹","","","","",""
"弗吉尼亚号","SSN774","MK48 Mod5/6/7型线导鱼雷","MK60捕食者水雷","MK67捕食者水雷","鱼叉反舰导弹","战斧巡航导弹","","",""
"德克萨斯号","SSN775","MK48 Mod5/6/7型线导鱼雷","MK60捕食者水雷","MK67捕食者水雷","鱼叉反舰导弹","战斧巡航导弹","","",""
"夏威夷号","SSN776","MK48 Mod5/6/7型线导鱼雷","MK60捕食者水雷","MK67捕食者水雷","鱼叉反舰导弹","战斧巡航导弹","","",""
"北来罗莱纳号","SSN777","MK48 Mod5/6/7型线导鱼雷","MK60捕食者水雷","MK67捕食者水雷","鱼叉反舰导弹","战斧巡航导弹","","",""
"新罕布什尔号","SSN778","MK48 Mod5/6/7型线导鱼雷","MK60捕食者水雷","MK67捕食者水雷","鱼叉反舰导弹","战斧巡航导弹","","",""
"新墨西哥号","SSN779","MK48 Mod5/6/7型线导鱼雷","MK60捕食者水雷","MK67捕食者水雷","鱼叉反舰导弹","战斧巡航导弹","","",""
"密苏里号","SSN780","MK48 Mod5/6/7型线导鱼雷","MK60捕食者水雷","MK67捕食者水雷","鱼叉反舰导弹","战斧巡航导弹","","",""
"加利福尼亚号","SSN781","MK48 Mod5/6/7型线导鱼雷","MK60捕食者水雷","MK67捕食者水雷","鱼叉反舰导弹","战斧巡航导弹","","",""
"密西西比号","SSN782","MK48 Mod5/6/7型线导鱼雷","MK60捕食者水雷","MK67捕食者水雷","鱼叉反舰导弹","战斧巡航导弹","","",""
"明尼苏达号","SSN783","MK48 Mod5/6/7型线导鱼雷","MK60捕食者水雷","MK67捕食者水雷","鱼叉反舰导弹","战斧巡航导弹","","",""
"北达科他号","SSN784","MK48 Mod5/6/7型线导鱼雷","MK60捕食者水雷","MK67捕食者水雷","鱼叉反舰导弹","战斧巡航导弹","","",""
"约翰·沃纳号","SSN785","MK48 Mod5/6/7型线导鱼雷","MK60捕食者水雷","MK67捕食者水雷","鱼叉反舰导弹","战斧巡航导弹","","",""
"伊利诺伊号","SSN786","MK48 Mod5/6/7型线导鱼雷","MK60捕食者水雷","MK67捕食者水雷","鱼叉反舰导弹","战斧巡航导弹","","",""
"华盛顿号","SSN787","MK48 Mod5/6/7型线导鱼雷","MK60捕食者水雷","MK67捕食者水雷","鱼叉反舰导弹","战斧巡航导弹","","",""
"科罗拉多号","SSN788","MK48 Mod5/6/7型线导鱼雷","MK60捕食者水雷","MK67捕食者水雷","鱼叉反舰导弹","战斧巡航导弹","","",""
"印第安纳号","SSN789","MK48 Mod5/6/7型线导鱼雷","MK60捕食者水雷","MK67捕食者水雷","鱼叉反舰导弹","战斧巡航导弹","","",""
